row_number,email,password_encoded,payer_cohort,first_name,last_name
1,kimberly05234@example.com,OVbgYUgx!0,well,Christopher,Mckee
2,oliverdustin600@example.org,_8UPb9myxM,personal,Brandon,Russell
3,lfoster57@example.com,*Zy%Be3t2T,trouble,Steve,Holder
4,davisleroy797@example.com,+mGd0^Axb%,ahead,Alfred,Wood
5,miguel24561@example.net,yV6(_7SmQ^,example,Katherine,Murphy
6,gcarlson185@example.net,j0WbhqK4@^,paper,Michael,Mullins
7,yesenia06479@example.org,23GWutIO$N,ok,Melinda,Huerta
8,nortega257@example.net,$7jyUAb)h1,and,Christine,Doyle
9,brittneywilliams556@example.com,h#AE00BgQy,well,James,Martin
10,vbrown339@example.org,0R)4rJ^waS,bring,Teresa,Mendoza
11,taralawson945@example.org,68BS1#*p+1,firm,Cynthia,Christensen
12,chill103@example.org,qXF0W!qd+8,exactly,Jennifer,Roth
13,kingdalton794@example.org,K03ciTt4@),represent,Margaret,Mcknight
14,redwards358@example.net,B@1N^dv&yh,but,Stephanie,Anderson
15,sstein237@example.com,q9HBg16T^6,road,Patricia,Clark
16,mrodriguez657@example.net,Ka4*e0De&*,music,Kara,Williams
17,howesheila889@example.com,x4(mIvRO$5,recognize,Wanda,Kelley
18,wayneanderson41@example.com,4ZJ0OT$y!7,from,Rachel,Donovan
19,heatherhaynes725@example.org,)8+sQINkAs,believe,Don,Brown
20,ellen14693@example.net,W)&Vr6Vxr^,which,Sherry,Bates
21,jeffreyhoffman250@example.com,)9AQqgu*4N,picture,Amber,Bernard
22,williamgonzales184@example.net,$e#Tr^som2,card,John,Hall
23,rreeves685@example.com,x)9$9DYb!+,mission,Jonathan,Orozco
24,kimberly72746@example.net,Bsj5#uC7(5,picture,Christy,Short
25,anthony76955@example.org,(e0DKS_nzV,instead,Candace,Silva
26,dawnthomas683@example.com,+W1SczRKah,stay,Caitlyn,Whitehead
27,rossjessica975@example.org,FB2mKbew%@,age,Emily,Stewart
28,coryrobinson259@example.net,!g1Qd)(jru,certain,Kimberly,Maynard
29,qbaker153@example.org,k9B34TiF)7,history,Raymond,Davis
30,sherryberger832@example.com,F6zMoBlq#z,school,Courtney,Reese
31,wrivas390@example.net,Dt7ctDAZ@%,our,Bethany,Obrien
32,dale00105@example.com,7#8IhyL63r,thought,Brandi,Woodward
33,igarcia209@example.com,m#0B8s0h4j,choice,Paul,Bates
34,johnbarnett950@example.net,^d1I^BleTT,seek,Julie,Howard
35,michaelgrant825@example.com,a3XVi$1^!6,special,Steven,Rose
36,jessicasmith113@example.com,%mA*1NZep7,minute,Frances,Anderson
37,dustin41902@example.com,P2tJBa*k&(,just,Annette,Weber
38,elizabeth58937@example.org,Pq1jEa*M!&,camera,Mary,Allen
39,olivia86833@example.org,U48tCrqR@n,page,Gregory,Santiago
40,powellshawn312@example.net,bA9%s%Bk0+,allow,Lydia,Sanchez
41,nataliewiley135@example.net,97BMIsP+^a,meeting,Julia,Guzman
42,rhonda66338@example.net,_68&oSR4gt,could,Melissa,Dominguez
43,kristen16261@example.org,I(9DNLhR@b,else,Willie,Elliott
44,daniel0819@example.com,!4WIY((n&v,small,Jose,Houston
45,hillphillip894@example.net,5vWy*)7a&f,training,Todd,Dominguez
46,andersonadam323@example.org,*9A*5#@5bk,south,Jeff,Roman
47,mbutler295@example.com,&UE1QqrO#f,everyone,James,Brown
48,westdeanna766@example.net,N8q%KCix@e,artist,Mary,Griffith
49,andersonleonard941@example.org,%VD*AFnw4u,environmental,Darius,Sanders
50,cassandra92463@example.com,^$5gveTvFf,language,David,Black
51,nicholasortiz845@example.com,(e3MjzDd!m,will,Andrew,Hernandez
52,thomasbowen67@example.org,O)68PToGeQ,other,Kendra,Gonzalez
53,ryancarolyn804@example.net,$99KFnY4_T,rise,Carol,Dillon
54,tjackson510@example.net,LwRM@QUH$7,discuss,Rhonda,Huff
55,duane14473@example.net,rcVS5NjEK*,act,James,Snyder
56,wattssamantha342@example.net,B9JA^y92_G,career,Hannah,Davenport
57,christopherwilliams386@example.com,$+jPTY&1b8,big,Jonathan,Rodriguez
58,laura68442@example.net,&02KJwSTba,ground,Chad,Roberts
59,carol05437@example.com,#kKApAne1$,information,Steven,Nelson
60,ricky35118@example.org,_7AxQ&TVC8,allow,Lynn,Mcintyre
61,yreynolds961@example.org,)KR0JO(u+p,book,Albert,Thomas
62,karenroberts435@example.net,%855P1jrtk,moment,Joel,Martin
63,jsnyder572@example.org,Om!0*Xzc%B,term,Sydney,Osborne
64,rebecca17247@example.org,@1VSfk0c_G,buy,Jacob,Pruitt
65,donaldrodriguez942@example.net,7mtMv7D9%B,character,Justin,Monroe
66,michael20412@example.net,kj(NDavU)6,national,Andrew,Morton
67,novakmatthew921@example.org,i*q19AdaR9,Congress,Ryan,Clark
68,jeremyhenderson778@example.com,c53_Q7Mip#,two,Fernando,Bullock
69,jeffreythompson927@example.com,n1BE#Ag8$8,item,Nathaniel,Bennett
70,taylormontgomery56@example.org,^qjEHB)TC2,charge,Jacqueline,Lee
71,cdaugherty364@example.org,+3GY1GnZeh,read,Harry,Graham
72,bcobb909@example.net,u)POLrtK#0,strategy,Michelle,Richardson
73,stevenmcdonald139@example.net,XvO!7Qy1SN,marriage,Loretta,Chapman
74,jody46112@example.org,&WXC4Qjq*E,inside,Erin,Fox
75,leejeff87@example.com,@S7VVXjme6,six,Crystal,Andrews
76,wzhang804@example.org,qjeL0Ks58#,could,Wesley,Gonzalez
77,aprilryan984@example.com,b22U%s(A!1,effort,Matthew,Holland
78,houstonbarbara905@example.org,^6*Y1GFuS$,machine,Jennifer,Mccoy
79,iwolf586@example.net,#17M@EFs_m,score,Kenneth,Larson
80,tinawillis75@example.com,+pv5FMb7mk,trouble,Maria,Davis
81,marshallkevin463@example.com,+bkGz*9z4),dream,Michael,Griffin
82,abrown610@example.org,)VIqpLwe5e,here,William,Montgomery
83,mlang434@example.org,5q8EnPy9#9,type,Jason,Ryan
84,randyedwards94@example.com,Q*+4GZ7iE7,charge,Shannon,Williams
85,smontoya314@example.com,*I8CQXVrOQ,organization,Courtney,Clark
86,jessedurham513@example.org,E&6a6nUkoP,action,Christine,Mitchell
87,stephenswilliam876@example.net,x4NM+OCi+T,audience,Dustin,Rodriguez
88,bobbymccarthy692@example.net,$24n6vEh#R,ahead,Thomas,Padilla
89,davidgardner604@example.org,+5FFUdsiuF,item,Amy,Diaz
90,rcooper155@example.org,4qVKtwbi(Z,house,Stanley,Murray
91,amanda89790@example.org,Z2GZ6Xoz%l,surface,Rachel,Bradley
92,sandrabell79@example.net,cZ@HrJv@@8,what,April,Diaz
93,jaykelley683@example.net,Vr+r7FEsk(,floor,Jimmy,Vaughn
94,hfrost153@example.com,o0UPm(YF#a,person,Clayton,Macias
95,jonathancruz186@example.net,$qTs3#Kg)),little,Amanda,Potter
96,kellyhunter308@example.org,NK7AtAmCK(,skill,Javier,Wong
97,hernandezjoseph487@example.org,@2C&oOg^%3,enter,Anthony,Clark
98,michaelyoung491@example.net,jO8W7M!b^K,letter,Kimberly,Hinton
99,tvaldez670@example.com,pwB0KlezT!,game,Michael,Shields
100,prattmatthew677@example.org,mFYbENM!*2,teacher,Eric,Sullivan
101,anthony51978@example.net,Nj7Q(wlQ$j,dinner,Gina,Nelson
102,karenheath550@example.org,#4TXtnMb7L,clear,Mackenzie,Stevenson
103,nhartman4@example.org,yPa7CHe0)1,control,Natalie,Reed
104,benjamin75720@example.net,!T8APSBeiQ,thousand,Sean,Johnson
105,sbaker196@example.org,4)iIgp0boM,again,Amanda,Lane
106,shawn66989@example.net,wLAy@7yl(7,above,Lori,Blair
107,kfranklin423@example.com,+2OyEr1Dyj,add,Tonya,Elliott
108,yburns898@example.org,50eTGZDu)G,sister,Rebecca,Vargas
109,joseph52346@example.net,#7hOn7yw+A,change,Casey,Wilson
110,smithemily320@example.com,#3WYNfLj3p,whom,Marissa,Spencer
111,heatherodonnell652@example.org,#9P4fBSgkB,stop,Maria,Harris
112,joseph2181@example.net,P8DfS+Or!r,single,Amy,Keith
113,rachel74524@example.net,&M3RHaOs%F,talk,Lisa,Evans
114,wdouglas521@example.org,+WKIy4Iw&9,thus,Carl,Hutchinson
115,psmith218@example.org,&2HrQbJB9H,city,Anthony,Hudson
116,benjamin25801@example.net,pk3220Km$*,practice,Adam,Johnson
117,brianwilliams362@example.org,!)3XK9LmP%,agent,Timothy,Smith
118,maria38910@example.com,++59XlPemD,discuss,John,Zamora
119,elizabethhall681@example.org,51ETxz^j&_,old,Bradley,Vasquez
120,dwaynebell534@example.net,@8CSiS(sSY,television,Jeffery,Duke
121,autumn60124@example.com,$rKZ2Ibeom,why,Gregory,Carrillo
122,jose30954@example.org,9oY5T1pqv%,avoid,Amber,Ray
123,alvarezregina510@example.net,%xU*X)##!2,side,Autumn,Brown
124,reneesanchez990@example.net,+&PwbKM3n2,total,Anthony,Evans
125,lopezmargaret940@example.net,nx5T8C8o&+,more,Jamie,Estrada
126,ujimenez183@example.com,$$9BZeX_^L,laugh,Melissa,Montoya
127,zachary88607@example.org,*X@6J^w#3_,and,Richard,Stein
128,thomasgates410@example.net,@%5(UCtbRX,happen,Crystal,Garcia
129,dbrown24@example.net,&5r3+6Yq&x,five,Keith,Ortiz
130,connergloria293@example.com,d4UeeS7O@n,civil,Alex,Swanson
131,hernandezwilliam983@example.com,!Fi6DNHi!V,land,Kenneth,Green
132,smithbrenda317@example.org,y5CA&Gf!#1,scientist,John,Green
133,craigwebster464@example.org,!6BqOH0l2%,store,Pamela,Olson
134,bpatrick509@example.net,@%2DSeOjZ#,every,Leah,Smith
135,pthompson233@example.com,!0Ub%62LQp,people,Maria,Hurley
136,walkerjulia436@example.net,+CP%Zv0P3C,sell,Victoria,Greer
137,dramirez641@example.org,k@j9NpTy*N,establish,Mark,Beltran
138,jonathan39961@example.org,ap8HWqEo)6,them,Ashley,Rios
139,sarah85911@example.com,3@L_wjE3@4,local,Denise,Ortiz
140,charles69797@example.org,@s9Bhzlhz2,toward,Glen,Walton
141,jadams121@example.net,h&)g6hPwFo,price,Anna,Santos
142,seth81819@example.net,$A8KgeePgq,space,Rebecca,Sullivan
143,mark97427@example.net,^_Ew%jqiK4,than,Caitlin,Watson
144,michael60312@example.org,Dt1v2Fs8c#,sing,David,Cantu
145,ugarza195@example.com,$37XkQdjU!,section,Patricia,Waters
146,qjohnson193@example.org,@2tkuK(4wl,reduce,Alyssa,Sanchez
147,scottblanchard467@example.com,h64NWct%$W,include,Mike,Zuniga
148,randy01352@example.net,lZqA9V@Z*3,experience,Ricky,Dawson
149,omckay407@example.com,1Y^G8@Ok+@,matter,Stacy,Serrano
150,harrisbrian985@example.net,$RM1Orv9+B,four,Carolyn,Lopez
151,millercynthia571@example.org,%KYeVb^+6m,player,Lauren,Campbell
152,sjohnson422@example.org,@tfgqKvh#5,born,William,Martinez
153,moralesmarcus14@example.com,M%4#vF2aoo,management,Megan,Eaton
154,bgaines63@example.com,*a_62Kq40&,thing,Dale,Singleton
155,rodriguezjennifer218@example.net,r7!7N6Y!@$,relate,Christopher,Kelly
156,laura37605@example.com,wR#YS5%y4#,hope,Kayla,Deleon
157,adam76309@example.org,)N5O3U^hf*,certain,Madeline,Huff
158,christyvilla456@example.com,&3GDprSqcz,item,Jeffrey,Day
159,debbie9285@example.org,%^7UNsqM3R,music,Kimberly,Bridges
160,dorseyjose763@example.net,Y3d%J*Ng)f,student,Stephen,Hill
161,meyermichael211@example.org,l^9i0oQvG*,themselves,Danielle,Craig
162,schmidtdevin41@example.com,i!vz39Mf!Z,again,Alex,Davies
163,fchambers737@example.org,_3!hVIbW!e,Mrs,Anthony,Martin
164,kwilliamson840@example.net,HI(9XJrsIM,how,Jerry,Wilson
165,aguirrediane162@example.org,#Ov4QVe1%f,third,Jessica,Wells
166,joshua00833@example.net,n@me4VgjR),near,Zachary,Powell
167,crosbychristina630@example.com,*4CDhGbvz1,skill,Christopher,Hess
168,ajames357@example.com,2gWyNmj%$k,north,Sean,Wood
169,courtneynelson919@example.org,(Z4VnhfrE#,go,Drew,Duran
170,clarkmelinda84@example.net,juO!9Jk9VN,likely,Gary,Haas
171,troylambert544@example.org,4irM^Y_1&Y,from,Kelly,Wilson
172,heatherbenton700@example.org,+#OE7VbzbG,put,Nicholas,Watson
173,karen05985@example.com,(l#Bqx7MP0,choose,John,Byrd
174,hernandezlaura293@example.net,u3IV7hf9@3,deal,Arthur,Anderson
175,david5936@example.org,+^53+Nkfa9,piece,Laura,Phillips
176,joshuamccoy111@example.com,uw*2qI6m&#,society,Elizabeth,Robinson
177,vrodriguez972@example.com,!L7PVz#b8$,develop,Danielle,Thompson
178,jessicajohnson604@example.net,+^(s8In+yZ,speak,Gabriel,Rivera
179,cordovajoshua848@example.net,!w0ZEX+s1L,effort,James,Wilkins
180,pmcgee893@example.com,^OZA57Fuu1,person,Carl,Gilmore
181,alan77397@example.net,^8k5ZlyNF4,street,Victoria,Richard
182,colemandavid278@example.com,^XNKHsxmB0,unit,Brian,Nguyen
183,jacquelinemyers451@example.net,@dD(&dr!)1,wait,William,Moore
184,christy85869@example.net,$@%JtgYTR2,pressure,Wanda,Stevenson
185,michelle00198@example.com,k+J8+QAeLY,serve,Gary,Phillips
186,cfowler549@example.net,*4c&SBvcNk,yeah,Lisa,Hodge
187,mwebb316@example.net,l^JGd2XfQ5,possible,April,Collins
188,watsonbrian825@example.com,!cVwTe)@C9,onto,Heather,Lewis
189,krystalhood461@example.com,_xH2bPo0(m,area,Alyssa,Potter
190,underwoodkristin567@example.com,!Z3SDtwu1$,available,Karen,Williams
191,aaron55960@example.org,$oD0XlqO#P,its,Valerie,Sanchez
192,jennifer0181@example.com,+X8qAMEm#9,hair,Damon,Miller
193,jamie11264@example.com,_g8*mXgv7Z,current,Joshua,Beltran
194,normanmaldonado275@example.com,0xZPkO&+)7,despite,William,Bell
195,qtaylor607@example.net,ritPX1Alo*,structure,Shawn,Kane
196,jenna89545@example.com,^IxY@Sy2Z^,here,Emily,Chapman
197,kbryant612@example.net,+2^JZ7EV_x,hundred,David,Carson
198,lisa17274@example.com,(z@u05Lm@L,specific,Samuel,Frederick
199,jdixon639@example.org,ID8dW(wZ)R,there,John,Johnson
200,logan62931@example.com,$+G7ya+Y13,pretty,David,Johnson
201,smithjames610@example.com,98N&J6Yy+#,market,Jasmine,Garcia
202,jennifer53661@example.org,_khTNXl$*8,head,Paul,Franklin
203,apittman750@example.org,I@!7lQKeR^,study,Stephanie,Bolton
204,henryjacob338@example.com,8(q3)MwY@^,force,Lisa,Allen
205,jeremybeck687@example.net,tI+6+Mxgfq,might,Matthew,Walker
206,garciarebecca231@example.com,@a1TyfUJJ),which,Robyn,Brown
207,meyerjamie75@example.com,v3Sx&MYo^!,hotel,Darrell,Knox
208,qperez172@example.net,rB7F#MGk^I,agent,Edward,Horton
209,mollyperez481@example.org,&8Je(j)N%y,effect,Edward,Wright
210,halvarado267@example.com,@9U6ytCs#g,end,James,Yoder
211,angela03971@example.org,$y4((QLjPU,check,Allison,Logan
212,richard33627@example.com,LQhWQ8Gd!n,pretty,Wyatt,Peterson
213,cummingsterry845@example.com,094H6DzA^3,though,Natalie,Cooper
214,kevinevans911@example.com,JD8DlaLo)+,power,Maria,Peters
215,mcdanielbrandy177@example.net,%Y9PjMSpa@,simple,Jason,Mcdaniel
216,haynesjason175@example.org,1E233CPl(#,growth,Laura,Thompson
217,hurstjessica151@example.org,@$wMJ_fv66,character,Taylor,Schmidt
218,velezkathleen455@example.net,kP0HLmIo@3,such,Elizabeth,Conner
219,hamiltoneric463@example.net,Xm9qEWIeG!,tree,Derrick,Garcia
220,davidbonilla341@example.net,d61prCBrA%,full,James,Fisher
221,gabriela32850@example.org,k#0JnnyUq4,where,Katherine,Smith
222,jessica225@example.net,Nw3KWzC9_),wide,Joseph,Bridges
223,tiffany08550@example.com,8(0LfSPywd,body,Darren,Martin
224,felicia27989@example.net,Sb2j7Sm+w(,should,Rachel,Lopez
225,karen76925@example.org,$V_B_7AdIs,think,Janet,Valencia
226,jamesgarcia621@example.net,x#^h1K+p+E,similar,Kyle,Burns
227,keith60567@example.com,@J9aEms*G#,alone,Donald,Graham
228,justincooke732@example.com,%*Q76bFz)x,effort,Michael,Bryant
229,kruegerkatie347@example.org,+iJYFeFy$6,mean,Gregory,Nelson
230,adam44953@example.org,OtL+!S%$%5,serve,Sean,Rodriguez
231,douglas7936@example.net,V88Xz_rGs&,community,Amanda,Trevino
232,moraheidi495@example.org,0RR(8pAp#9,experience,Sean,Moore
233,courtneysmith387@example.net,y)8i_BOd%!,free,Martin,Baker
234,jeffersoncynthia901@example.org,%qM!WWxiS3,age,Nancy,French
235,jillianlopez644@example.net,t5ZdbyYE_B,myself,Kristi,Gutierrez
236,qharrison994@example.net,%no2rLRl%0,this,Kristen,Williams
237,jcampbell661@example.com,5s88H4^s+*,eat,Jeremiah,Peterson
238,autumn26788@example.net,G0WngUZw)C,sister,Tracy,Daniels
239,robinrodgers49@example.org,0oEwNoww)q,site,Ann,Craig
240,jared73195@example.org,#t7HQcfu!(,want,Ashley,Davis
241,stephencummings954@example.com,Ysc6Fj%y_D,somebody,Samantha,Clark
242,edwardlewis183@example.net,^$7@HhTclq,people,Linda,Hamilton
243,paul72336@example.org,E(wG4URXgj,avoid,Rachel,Phillips
244,shawn59450@example.com,(8@Wos5FX0,night,Melissa,Jackson
245,hsmith88@example.net,)Sk41GiiV9,or,David,Rogers
246,whitemiranda891@example.org,4YD2jV*f)M,foot,Daniel,Phillips
247,bishopjessica848@example.net,Uh5o3STj!p,require,Pamela,Bates
248,tonyariley502@example.com,H3ia3Ujt$g,customer,Gregory,Lynn
249,meyersjared132@example.com,c2U%Umbp*),option,Mike,Reilly
250,aguirrecharles627@example.com,qqUK0uYr*0,left,Elijah,Maldonado
251,saramiller738@example.com,7+V07LTi8l,nice,Stacy,Hicks
252,kathryn51979@example.com,F)6V7dZr^W,painting,Travis,Henry
253,cweaver726@example.org,&6KLIQqCbw,dark,Jose,Smith
254,nathan92194@example.org,v%&a7xObuB,most,Brandon,Sanders
255,hwilson922@example.org,L$1Ph7fAvl,five,Jean,Harrell
256,brian75552@example.org,YHB)0%Eh23,prepare,Alex,Davidson
257,gonzalezmolly325@example.org,+8hDBJxyq*,usually,Lawrence,Gilmore
258,zachary87380@example.org,I9Z$Cv+n^0,dog,Sandra,Jones
259,traceywright147@example.com,fw9F+8pp@f,near,Tyler,Craig
260,browncassie800@example.com,sVR&KbE$#3,indicate,Linda,Silva
261,terrytaylor965@example.net,cgNWZ@Vv+6,financial,Amber,Murphy
262,loweryjoshua664@example.com,$y45A@iLFS,hand,Mark,Mckenzie
263,scott33960@example.org,p2_9Ervi$W,enough,Joseph,Contreras
264,cwhite137@example.org,3I3HYHm#1%,tree,Michael,Munoz
265,jennifer73267@example.com,+JhDt#0dm7,remember,Albert,Fox
266,martinbrandon126@example.org,Za8^l4Qr1#,especially,Geoffrey,Clark
267,barbaraevans221@example.com,_4$DPSUqK3,subject,Debra,Brown
268,andrew26506@example.org,0o)6EYmbHF,or,Jacqueline,Morrow
269,hernandezarthur601@example.net,4w3IW4GBu&,strong,Ross,Johnson
270,laurasmith820@example.net,e^C2bDpK1Z,lay,Pamela,King
271,athomas41@example.org,hqQ!tgum&6,growth,Amy,Johnson
272,imoore236@example.com,x#7yILc@xJ,expect,Nicolas,Jones
273,alexathomas878@example.org,t)p2YPr)0r,movie,Franklin,Brown
274,acook211@example.com,&)HWv(AX44,tree,John,Romero
275,adamswilliam990@example.org,*QgkGMpO92,sign,Stephanie,Molina
276,kimberly48775@example.net,+#R5TYmcq*,understand,Karen,Pearson
277,brownamanda852@example.com,bv0UPYaB0@,idea,Steven,Morrison
278,youngbrian544@example.net,&7jT*Rki1Y,election,Jane,Vaughn
279,amandaramirez535@example.net,%(A15O8sHz,church,Timothy,Rodriguez
280,mindyjohnson693@example.com,j_0cE+w@)_,job,Gary,Long
281,donnamoore566@example.net,h$0sWa4uXT,usually,Brittany,Herring
282,webstergina944@example.com,*rO%nXchh3,note,Christian,Brown
283,marthashelton76@example.org,*6j_YekjB4,single,Aaron,Johnson
284,moyerstephanie962@example.org,&Q3MH!jtlv,human,David,Nolan
285,hannah15445@example.com,(7BB@w0e!q,many,Hannah,Olson
286,tsullivan793@example.com,dM)1ASOlWM,pattern,Denise,Lewis
287,darryljohnson111@example.net,yS!0J5mA8X,me,April,Turner
288,deborah00391@example.net,I6rHnxv)@0,since,Sandra,Jones
289,mary25240@example.net,DIx8yL@f)6,whatever,Sheryl,Mendoza
290,grantjohn551@example.org,Z$P9R+ev&r,family,Jerry,Simpson
291,jonathanlee609@example.com,5BidJ0cti#,town,Rachel,Moss
292,kathleendickerson513@example.org,&C*0SgNrUq,decide,Michael,Smith
293,scott23244@example.net,6@HTKIZY(x,tend,Anthony,Robinson
294,kelseywise474@example.org,i7Gxw3cW!f,bar,Michael,Moore
295,qreyes534@example.net,#UU!ig(E7U,near,Robert,Pitts
296,eric50151@example.net,&B8yElYy$d,develop,Victoria,Hall
297,feliciasmith326@example.org,BY6u9OnlG*,relationship,Christopher,Vasquez
298,raymondobrien750@example.org,o!i+N95gVF,question,Sara,Nelson
299,mgriffin981@example.net,^9SXEQJj^u,help,Matthew,Campbell
300,juliejohnson890@example.net,Ash0)Iz(+5,crime,Kelly,Kent
301,stephanie97631@example.com,U!5IIjbgDH,bring,Laura,Oliver
302,brett32936@example.org,!rl3zAor_b,sing,Alejandra,Ramirez
303,zmoore449@example.org,k5oR8l_y(N,explain,David,Diaz
304,breanna33244@example.org,&m_GDuWh17,same,Shannon,Turner
305,daniellewhitaker142@example.org,%zS_HxsA35,sit,Misty,Anderson
306,briannafernandez744@example.org,(^4A1aaxz^,black,David,Garrison
307,annettemullins214@example.net,@f#dIc5gR2,just,Dean,Turner
308,autumn93530@example.org,&c3H2bJ1jr,industry,Vicki,Lewis
309,candrews606@example.com,1v1GHlQ4&3,understand,Eric,Rogers
310,brandon33226@example.net,_xIqkcX*m7,box,Jerry,Beck
311,pamflores140@example.net,@u03NSXzB4,quickly,Ricardo,Salazar
312,gravesbrittany279@example.com,%+mHRpUcD0,southern,Marvin,Gardner
313,shane32776@example.com,_ocQugMcv6,recent,John,Fuentes
314,john21432@example.net,4MrY2NQzc*,almost,Walter,Robles
315,wendysalazar925@example.net,(P9nODtD)m,special,James,Werner
316,heatherhamilton440@example.net,)&R0Xy6g%O,interest,Ana,Cordova
317,tfranklin617@example.net,+ReYiNKu2),she,Sarah,Hunter
318,xstark584@example.org,js9hHJoHQ_,live,Kristin,Oconnor
319,margaret95969@example.net,lCd(aOX9$9,stop,Patricia,Hernandez
320,hwallace301@example.net,(1U2mnMG@d,character,Stephanie,Huynh
321,kendraray792@example.org,k4+qvMTF!d,Congress,Theresa,Johnston
322,angelawise436@example.net,)5fUJ9anfM,economic,Heather,Baker
323,cherylmunoz467@example.org,)qV08Ft3YE,I,Martha,Miller
324,christopher37827@example.org,FWWT7Mpz*(,shoulder,Kevin,Hodges
325,orodriguez519@example.com,&&+5YUdv_C,boy,Adrian,Booth
326,amber5737@example.com,8SCu8Zbo^Q,part,Matthew,Wise
327,baileyanthony486@example.com,CvW4VPDls_,church,David,Lewis
328,keithjoseph719@example.net,B7Q_xLol!m,strategy,Dustin,Friedman
329,ambergarcia593@example.com,45gG1b6^)q,course,Anthony,Hale
330,wiseerica74@example.com,^6A*Z8SeWi,dark,Troy,Jennings
331,wheelerlinda234@example.com,Bru4L1PJA@,notice,Deborah,Watts
332,cynthiathomas405@example.org,b1BEt%zw)2,her,John,Hale
333,eburton378@example.com,j@m0Nz2k(P,can,Perry,Hines
334,caroline95959@example.com,vw0MneUl@z,today,Julie,Harris
335,davidwilson739@example.net,Kph4VwHz*3,ok,Samantha,Jones
336,hollysalinas769@example.net,!4QWvQHziB,start,Jeffrey,Becker
337,scottwarner191@example.net,#+!41O(nqF,figure,Megan,Contreras
338,wmurphy959@example.net,u9VFnp_e*_,prove,Tammy,Dalton
339,phodge850@example.com,P*6Gjrno&G,tough,Tammy,Oconnor
340,ambermedina605@example.net,^VWmeeLp65,several,Kyle,Peters
341,cbennett978@example.net,hgU87%Wy%U,camera,Maria,Castro
342,william89777@example.net,^2ThOVSyor,seem,Trevor,Savage
343,gbryant814@example.net,6h1*4Ysyv$,behavior,Raymond,Hayden
344,phillipssamantha400@example.net,+7VM6NluGd,many,Daniel,Robertson
345,lopezsydney609@example.net,k^b7E2Hsx4,address,Todd,Curtis
346,steven13700@example.com,wJ19X_5qV_,because,Patrick,Rose
347,jeffreyholland184@example.com,fV+J3Nnqi%,drop,Kristin,Ross
348,angelasimpson830@example.net,IheDd2JYV$,outside,Tina,Rodriguez
349,skinnerpaula410@example.org,#6IfJLm5p4,adult,Timothy,Barajas
350,ricardodavis512@example.org,4^9Nwcd3O6,down,Jamie,Campbell
351,harrisonnathan139@example.org,_#Q5PPYddZ,establish,Sheena,Mcintosh
352,emartin196@example.org,%u0F0+XzW7,or,Tara,Freeman
353,jessica86885@example.com,f5XBDgQ6(3,box,Sarah,Martinez
354,andersonbrenda634@example.com,x_7!EbYipB,when,Melissa,Acosta
355,jessicanelson178@example.com,)3hKEQ@vDY,require,Sherri,Williams
356,roberta49851@example.com,X&9vqR7c@v,necessary,Jeffrey,Hamilton
357,danielsmith380@example.net,%gT4daIX9o,system,Brandi,Wyatt
358,perryjonathan722@example.com,&Yc(9Wh#SR,institution,Kevin,Acosta
359,chavezmark781@example.com,#3J4sBEqOu,store,Heather,Adams
360,austin25199@example.com,$HJi54Ta2J,democratic,Michelle,Taylor
361,edwardskevin698@example.org,OeJ#pCeX(9,five,Laura,Roberts
362,anita36709@example.org,wN(X%7Xm0%,key,Todd,Lee
363,hsmith79@example.net,_&#KGx3YZ5,group,Brad,Cooper
364,marksanchez923@example.org,(HnoTsiA7C,really,Jacqueline,Gonzales
365,billbrown478@example.net,4jOolNNq_8,law,Jenna,Vasquez
366,johnsonderek750@example.org,%ZcNr0+qU0,so,Kristine,Johnson
367,murraykevin447@example.com,&81wUc^#(W,mouth,Patricia,Marshall
368,lawrence94856@example.net,_WJ)pjUX22,nothing,Andrea,Singleton
369,eric0028@example.com,67SGvs1i)r,serious,Jeremy,Duffy
370,jose45787@example.org,53NF(Kbp!N,upon,Christopher,Scott
371,brewerelizabeth182@example.net,HbmL35GY2),college,Justin,Fox
372,jgardner541@example.com,O*F#3Ol7sy,marriage,Anthony,Lawrence
373,joynguyen842@example.org,k94NLmRC_l,politics,James,Wagner
374,jenniferbray124@example.net,aV1V^rti(I,kind,Connor,Harris
375,ljackson226@example.com,Oo2NQndc6!,scientist,Hannah,Hanson
376,hsparks271@example.org,!5kL^mRh(K,voice,Heather,Nelson
377,jowen928@example.org,!*8SoWgKq7,they,Ruben,Rodriguez
378,qjackson118@example.com,soD4xEp8%h,economy,Kristina,Ross
379,harrisolivia120@example.com,#88!D9va22,general,Jennifer,Hughes
380,jonathontaylor660@example.org,&!4BgvtSWD,nation,Christopher,Jones
381,juanfields354@example.net,EvVn@J6p@5,protect,Angela,Collins
382,hobbsnatasha892@example.net,KSkbO%Hv%0,pressure,Lisa,Lam
383,katherine41677@example.org,s+Cz3%yg%9,woman,Karen,Hawkins
384,williamsonjoshua5@example.net,sb8iPSv5#a,throw,Noah,Taylor
385,amyscott550@example.net,K+G3Qg^**!,end,Nicholas,Martinez
386,sharonwilliams746@example.org,efVAOmeh_1,ball,Willie,Lopez
387,jgalvan612@example.org,(!2FFpFHK),human,Tracy,Lewis
388,susanwagner849@example.com,#S++7fq5+#,mention,Javier,Gonzalez
389,vanceelizabeth705@example.com,)TzD3Mel_7,film,Sean,Wilson
390,kadams708@example.net,+0U9dCIUK8,season,Alexander,Green
391,james0684@example.com,()Qoc1gv95,difficult,Derek,Lopez
392,yhayes370@example.org,&UiPaqGa2c,federal,Allison,Phelps
393,bryanrobles844@example.net,Z2$6JvZbf+,education,Lori,Blankenship
394,landryandrew833@example.org,+YkeLC!n0I,media,Darrell,Sanchez
395,carrlauren243@example.net,S&O94pRngJ,position,John,Adams
396,alexis40165@example.com,%qlL3!ptX4,art,Bryan,Moore
397,mandy20268@example.com,n8V0Z4bS!k,television,Judith,Goodman
398,hrowland206@example.com,%DMZxfaVZ3,carry,Michelle,Miller
399,chardy404@example.com,+rP#MxUp7J,yard,Michelle,Reyes
400,torresmiranda694@example.com,@eKCKm_tT9,lawyer,Carrie,Hart
401,denise49716@example.org,098wD(Geh&,institution,Lauren,Wheeler
402,benjaminmartinez296@example.com,5_zV+1Hz%q,including,James,Murphy
403,alfred07119@example.com,Y!4Hr&ztfq,parent,Ian,Hess
404,burgesscynthia919@example.org,(53QTe^J$v,play,Dakota,Carrillo
405,imartin82@example.org,XE9C)tw*!r,market,Gerald,Williams
406,nphillips537@example.com,8lPy&UAh@B,history,Eric,Edwards
407,martinezdavid861@example.org,VA30JXx7B*,brother,Alexandra,Smith
408,patricia53695@example.com,4!9BrdmM+z,push,Sharon,Dyer
409,mooremichelle310@example.com,#2VhfI48Yu,would,Andrew,Williams
410,sandersjames819@example.net,1QGaE+yE^&,cold,Shannon,Wallace
411,ryanhayes996@example.org,X^YOs2hyeK,huge,Carlos,Johnson
412,fwilliams493@example.net,EB27NtTo!9,rock,April,Ross
413,kmiller685@example.com,d3VsR)Eb&q,past,Marcus,Chang
414,veronicahill896@example.net,l1EqOq7a)f,hope,Angela,Carson
415,kennethwashington73@example.org,Q7aAyzx)+H,conference,Melinda,Brown
416,bellpaul502@example.net,2ziEInED_K,sound,Anna,Jones
417,scottstevenson215@example.org,*1Q1dQmtOv,develop,Jennifer,Martinez
418,gordonkatie184@example.net,!#fzPVCwn3,huge,Patricia,Day
419,georgecarter650@example.org,8MXrVgPP)3,myself,Carla,Singh
420,erin79645@example.org,as(hlM^8$7,sea,David,Pope
421,veronica77706@example.com,xS0JqdM#(e,high,Jeffrey,Anthony
422,mhaynes300@example.org,*Br4AUAl+q,sing,Joel,Foster
423,adam50571@example.org,5rx2HOu4@0,call,Eduardo,Phillips
424,ryanmckenzie58@example.org,3tC_Hc5w(e,green,Martha,Randall
425,nicolejohnson470@example.net,f3y8zJGo#1,customer,Jeremy,Warner
426,philip48683@example.com,O@9(GFIm+S,rock,Amber,Rodriguez
427,joseph83396@example.org,(5ByIMvrzE,blue,Todd,Cox
428,jillholmes805@example.net,)8LlM2)btd,western,Megan,Gallagher
429,tracybrown813@example.net,FiCX+GqX!9,wait,Lisa,Anderson
430,erin7819@example.net,u9T9TNmj%p,city,Christopher,Monroe
431,kevin626@example.net,f^69DMAx0A,with,Anna,Walker
432,jenniferrodriguez162@example.org,^F!7@Wh76z,guy,Karen,Green
433,fdixon224@example.com,+2XC1Qfp^M,many,Janet,Parker
434,slee164@example.net,+JeS#&Om%7,behind,Bradley,Richards
435,dustin43967@example.com,v$F7ABzqc5,international,Blake,Williams
436,paulsmith566@example.com,QQF3ZkXy^&,pay,Ruben,Hutchinson
437,richardcarr637@example.org,A0bIVCGa+a,growth,Richard,Powers
438,evanaguilar227@example.com,_R5X+(rsrr,several,Henry,Rodriguez
439,connertheresa14@example.org,8lR_Du36+x,discuss,Henry,Foley
440,kirkmichelle80@example.com,i%1uZZJreY,collection,Priscilla,Bishop
441,bowmangregory719@example.net,rR)oW&il_2,send,Rebecca,Macdonald
442,wgiles672@example.net,_pC7cRGs9u,buy,Kenneth,Rice
443,bferguson290@example.com,G7Pmts4*)w,end,Christine,Stewart
444,williamhendricks677@example.net,rxEzUM5d!5,message,Jason,White
445,crystaljackson216@example.net,ATwW%Abe%2,case,Wanda,Mitchell
446,richardhood325@example.org,ET0cQpf#n@,hold,Brenda,Walker
447,stephensanders793@example.com,xe7Yjn4qM@,social,Jacqueline,Miller
448,monicabennett501@example.net,%*!D4U(bxA,not,Michael,Richmond
449,joshuabuchanan177@example.net,Ce#o4Hoq*1,worry,Greg,Adams
450,michael29310@example.com,B12mUo61@1,box,Joy,Moore
451,donna01748@example.org,7(7Fw66@hh,tough,Christopher,Pruitt
452,slarson832@example.org,j%16_(Bebg,happy,John,Oliver
453,scott15254@example.net,ix19wJFk#j,compare,Russell,Garza
454,susancooper811@example.com,0d3#D!9v#i,official,Nathaniel,Bentley
455,velazquezjeffrey424@example.com,k8CJVTru%L,five,Scott,Sanders
456,robertwells567@example.org,7)A1bKmh(r,cup,Angela,Roberson
457,lindseyjason113@example.com,lS5%4Bn+K!,half,Robert,Gonzalez
458,clifford81112@example.com,1$_ZqJSy%b,radio,Christopher,Lynch
459,johnsonkimberly455@example.net,n_7O4Wgw_*,major,Kayla,Phillips
460,rogerrodriguez835@example.org,!DF1M4@a3A,those,Scott,Moore
461,jjohnson429@example.net,*6%1CuuymM,above,Luke,Harris
462,douglas69218@example.net,#p25XBrH5R,air,Amanda,Perez
463,escobarrobert117@example.org,#49)bbRy3F,serve,Ronnie,Tran
464,kayleechavez588@example.org,*yY8YKbRJ_,card,Jessica,Williams
465,cameronhinton732@example.org,(16DbWCm4b,everything,Pamela,Scott
466,vmoon808@example.org,K)_B2qGcsW,those,Charles,Cooper
467,bmoreno584@example.org,ynxQSxLj_1,along,Kayla,Adams
468,murphylarry707@example.com,&y)5G$p7Pm,main,Richard,Malone
469,jacquelineholt234@example.net,d&agU4Gp*3,maybe,Mark,Patel
470,abrown137@example.net,$MPhTMUg@3,daughter,Melissa,Burke
471,autumngutierrez690@example.org,19QEX_kf$!,difference,Molly,Smith
472,jessicamyers494@example.com,8f0tDB++x^,radio,Robin,Nguyen
473,erinbradshaw349@example.net,)2tSC4JHDy,imagine,Megan,Huff
474,renee89301@example.net,40E*uza^!8,you,Joshua,Mendez
475,caroladams115@example.com,V22RG5me%I,rest,Cristina,Allen
476,ostewart436@example.net,8%6F@Vs8wB,success,James,Malone
477,idean622@example.com,65)uYLUg_l,national,Linda,Ritter
478,catherine75966@example.net,$liaVFQn96,analysis,Philip,Hill
479,fgriffin467@example.org,Vfk8XDzt(+,let,Shannon,Young
480,morenosarah319@example.org,t$4Yzuvp!0,least,Jeffrey,Salinas
481,caleb77935@example.org,WvMUv7Vu&5,coach,John,Ballard
482,jasontran126@example.org,_&3fxIr9ol,write,Molly,Ferguson
483,fgreene262@example.net,$0AP#*k#PL,work,Douglas,Shepard
484,matthewcarroll48@example.com,&i_xFlrl4m,piece,Kevin,Bishop
485,patrickmiller786@example.net,$9Zcx6XjTC,son,Lindsay,Rowe
486,trobinson717@example.com,&UZLMhQxm1,ever,Heather,White
487,thomasmichael425@example.org,$2Tc0aC#wh,into,Andrew,Beck
488,mark61213@example.com,$8EhOy56FC,not,Jason,Petersen
489,damongarcia66@example.net,Rr46Ln4#4!,no,Stephanie,Owens
490,deborahcallahan964@example.net,Q4$WOWYt+a,difficult,Donna,Riley
491,kathryn00806@example.com,0K*7GWffja,end,Jeffery,Mooney
492,alexandermichelle510@example.net,Cu@)9$Of*@,like,Daniel,Robinson
493,thompsoncarolyn942@example.org,)1X(ApXvnJ,himself,Christopher,Mcdonald
494,jareddavenport887@example.org,$bw1mwWiV@,support,Richard,Fisher
495,shannonalvarez552@example.org,LfJgOF1@!4,open,Robert,Kent
496,christinabell937@example.net,@p1NdsGZ%2,language,Andrew,Ortiz
497,whawkins231@example.com,f%0Dvqe(^O,near,Nichole,Mejia
498,patelbrandon762@example.net,&k18Vdce7m,high,Tiffany,Jackson
499,halljennifer692@example.org,_AQ79ROc3i,receive,Shane,Holland
500,cameron44175@example.org,*1YVdn*krZ,north,Steve,Stevens
501,kevinthomas370@example.org,B)0tzbG^Dm,fall,Ashley,Andrade
502,dcooper941@example.net,F_R9%YPmXH,within,Susan,Alvarez
503,katherine29538@example.com,e_6ThWvxSj,arrive,Vincent,Hansen
504,bill05853@example.net,%N!Z5JkzvO,company,Adam,Salas
505,kaitlinrichmond276@example.com,+@mk3ZUwVr,per,Stefanie,Kennedy
506,josephschmidt1@example.com,w7OSTUga&t,market,Devin,Casey
507,hansenvictoria259@example.net,QM&8JpFntT,vote,Michael,Parker
508,kimberlymoore881@example.org,*1mK$A@J0f,important,Michael,Park
509,alecmcdonald125@example.com,@LfDixiAa0,left,Jeffrey,Carter
510,nmurphy463@example.net,@1t9CkmomV,understand,Valerie,Hodge
511,patelaustin117@example.net,Tr1V)Rat)g,work,Tammy,Friedman
512,bradshawbenjamin971@example.net,*j&o7kvf2R,today,Brooke,Berg
513,pbutler694@example.com,lxVEaYoq%4,during,Joseph,Lang
514,catherine57322@example.com,2l!nRSyt%3,bad,Sandra,Williams
515,stacy3894@example.net,F#1OzqzoG0,until,Bruce,Frye
516,sean35750@example.net,@1HP3*QvJ4,lot,Thomas,Reyes
517,clintoncastro623@example.org,^NuUk(Orn0,figure,Troy,Fitzgerald
518,campbellkelly363@example.com,@48AGTvONg,order,Robert,Green
519,deborahmueller478@example.net,1O!4&5PqIO,difficult,Morgan,Carroll
520,scooper350@example.org,ZM^&3mAjpT,career,Sharon,Rivera
521,richardsleonard440@example.org,)x3Q#dc8pd,capital,Daniel,Collins
522,kmiller746@example.com,@7fP5jyqv^,card,Alexander,Howard
523,stacey69551@example.com,C77P$Qzn#&,statement,Brett,Martinez
524,barnettelizabeth904@example.org,@5xKEmGgiw,indeed,Lindsey,Jones
525,shannonbaird172@example.com,%V3BD#m@Ap,prove,Theresa,Bell
526,smithjessica231@example.net,j1#1okIf_F,threat,Amanda,Anderson
527,mbrown43@example.org,_%rW7^SC8v,education,Monica,Wilson
528,sharon89222@example.com,6*U7LFudPn,former,Gerald,Roberts
529,maldonadotravis404@example.com,han!ZR*r#8,enjoy,Sonya,Smith
530,cindy24700@example.org,n8mhEEA!%Z,yes,Nicole,Holland
531,rachelreyes260@example.org,#F15WjtgEj,fast,Cassidy,Russell
532,torrescarl405@example.net,&1%cWOmzHu,you,Nicholas,Murray
533,mhooper516@example.org,+72c2Uk6zL,teacher,Emily,King
534,farmerrhonda816@example.org,*ef2IIl98o,budget,Jacqueline,Page
535,anna61913@example.com,@8N#Go$sZ@,share,Joseph,Ward
536,ydavidson413@example.net,thYcTq9t(4,check,William,Williams
537,ncooley973@example.net,7*T8ZUnv%X,into,Marc,Hardin
538,gvazquez733@example.com,S!l0*Z@g)N,social,Sharon,Williamson
539,awhite408@example.net,#TqJmrwvX5,large,Michael,Hill
540,gwashington510@example.org,fx67+tOv@m,food,Danielle,Hamilton
541,dgonzales724@example.org,ufg0LxPnE@,walk,Laura,Phillips
542,louis23241@example.org,83LFHi@b+E,hair,Christopher,Thomas
543,palmerjessica617@example.net,FvPZmWVa*5,choice,Jordan,Watkins
544,raymondcohen583@example.com,fQ)0AV6tX9,three,Matthew,Mathews
545,ryanthompson313@example.org,A(Ar1fxU$M,site,William,Preston
546,martinezmark912@example.org,UbwJ6NJmb(,body,Sydney,Buckley
547,jonathanyoung409@example.com,M+Lf1!nn5Z,lot,Emily,Murphy
548,katie13576@example.com,m^71NEv9e8,staff,Cheryl,Peters
549,taylor54115@example.org,DAp46SBcr^,authority,Maria,Brown
550,jonathanrivera985@example.net,0_54wC_n!x,college,Joseph,Nguyen
551,williamstraci375@example.com,2cn@5CNa3O,take,Taylor,Jones
552,erika78654@example.net,@6qEl^KiR(,now,Jeffrey,Martin
553,fergusonderek564@example.com,7_7yBmVqAB,actually,Candace,Henderson
554,ecollier159@example.com,(t3NFb)Zw1,describe,Cassandra,Davis
555,michael42757@example.net,@jw3PgmFA0,method,Alexander,Moore
556,kennethgreen194@example.net,C3PmZ(QW&#,minute,Christian,Chambers
557,jamesmullen154@example.net,$wS+Ipznb7,have,Gina,Hernandez
558,melissa90904@example.com,svJh^4Hbjn,represent,Brian,Brown
559,rodneyjensen365@example.net,!7Kq#hVsW&,kitchen,Nicholas,Brown
560,kleinmelissa933@example.com,sw_lz4Vz@H,well,Todd,Martin
561,garciaallison884@example.org,&9m4REtQc4,conference,Michelle,Barker
562,william63209@example.com,*$JB5QdVJ1,analysis,Justin,Miller
563,schmidtregina795@example.net,1&)63+Tp@#,option,Charlotte,Luna
564,nunezautumn631@example.com,wlvO9O9J3@,wide,Christopher,Avery
565,barbara01113@example.org,%E)Ij1Wk3(,physical,Tricia,Williams
566,jack56867@example.com,!4BftqGQW2,everyone,Michael,Higgins
567,woodmarissa440@example.org,)3yJqGoMA1,behavior,Jerry,Chambers
568,rickdonovan534@example.net,&1NQiD4#ow,issue,Meagan,Porter
569,mitchell08783@example.org,n)op4uJh10,his,Kelly,Henderson
570,jennifersanchez317@example.org,4!0p4EbuHP,drug,Tammy,Mendoza
571,joseph1119@example.com,VeZo32Qs$N,according,Jason,Watson
572,seansimpson430@example.net,&vl4zSf^YI,young,James,Smith
573,morgankatherine495@example.org,@w)j_4Se%&,now,Julie,Smith
574,adyer384@example.net,$r)M1NnL$W,serious,Danielle,Thompson
575,dmorris140@example.com,_4E2EFgCm0,be,Joseph,Carson
576,sjohnson31@example.org,tYT#1@Ax%i,party,Todd,Sweeney
577,djackson375@example.org,&iHgYaMy8N,human,Mark,Phillips
578,kimberlyrivas66@example.net,s2zU+EfA)R,cultural,Jeffrey,Lewis
579,nicole26511@example.org,5V+6J#xqi$,community,Jeffrey,Murphy
580,maryphillips901@example.net,&T3hNpbw56,expert,Kimberly,Winters
581,jeanettedunn421@example.org,H3JDF(uE%V,test,Denise,White
582,mitchellkristi888@example.net,GKb7Cd5@(),high,Jacqueline,Patel
583,boydkathryn168@example.org,_ROU$mWmi6,yet,Lori,Sutton
584,elizabeth48571@example.org,$Bz7Yzs&UZ,those,Kurt,Hill
585,timmcdonald199@example.org,I58GJllf&1,think,Patricia,Alvarez
586,qphillips854@example.net,+%uN4Cme*$,artist,Rebecca,Williams
587,scottthompson810@example.net,RCW3IgKF@I,tax,Eric,Collins
588,randallmorris20@example.org,!eA5IlRjj7,market,Catherine,Crawford
589,nolanmichael637@example.org,f9RzvPw$&N,include,Michael,Simmons
590,nlee605@example.org,q0u016KiI%,over,Melissa,Mason
591,npowell184@example.com,%&TtCcpg!3,health,Sean,Solomon
592,julia5895@example.com,%_3Hb$Oy18,our,Kathryn,Hamilton
593,vickiroman730@example.org,TJ5gXb!Ws%,instead,Shelly,Jones
594,jenniferwhitney88@example.org,@^l@ID_k&2,age,Laura,Simmons
595,berrynicole230@example.com,*cy6T(5c02,imagine,Andre,Nelson
596,lewisdanielle678@example.com,^V6pD*mla*,director,Matthew,Smith
597,kelleyrobin296@example.net,#gxZWM&v78,how,Jill,Munoz
598,jenningschristopher314@example.net,!16nJXBs9e,prepare,James,James
599,jortega365@example.org,#hQi4zqJ3(,top,Tammy,Rose
600,sanchezandrew732@example.net,@yJZ1AZwG@,admit,Sarah,White
601,margaretrios728@example.net,m)I^1C4o!M,through,Mark,Martin
602,bethany30498@example.net,Dl(_7ZNjX8,sort,Kenneth,Mendoza
603,alexandraowens239@example.org,chj91COR(#,concern,Christina,Howard
604,ngonzales294@example.com,@D_Gdb9e8a,ask,Amy,Manning
605,cynthiathomas728@example.net,p+3Mikq)hP,check,Shaun,Morton
606,robertlee529@example.org,6q7pXRhAi(,public,Valerie,Goodwin
607,coreynewton309@example.com,k@%7Zuj(#&,executive,Scott,Smith
608,robert09457@example.com,C3O#hza##7,employee,Jeffrey,Harvey
609,sharonfrazier133@example.net,L1#Sn*Pu@+,these,Travis,Fleming
610,kenneth61817@example.net,@$N7Y1bFM@,rule,Denise,Patel
611,vking407@example.org,lXdHSqsj+4,rich,Jodi,Henry
612,vwebb979@example.net,+0yNsQj9)J,able,Laura,Johnson
613,sfriedman252@example.net,_#Cnig&M0S,choose,Max,Ellison
614,sydneyrojas167@example.org,Q9VAY%fz!H,enter,Christina,Singleton
615,jessica05200@example.org,Q6UNnB*y!5,under,Mary,Williams
616,paul43566@example.org,+n89AjUkN!,garden,Karen,Boyd
617,julie82992@example.org,z6&P9vv8+Y,radio,Mary,Green
618,melissaharris959@example.org,!4%G&4xyTZ,write,Michael,Lawson
619,aroberts228@example.com,b1OWV1+m*4,military,Deanna,Smith
620,dkemp838@example.com,9&uj1nhHtB,size,Christian,Ortiz
621,martin39780@example.net,%y9HEYgcZ$,important,Bradley,Brooks
622,candace85422@example.com,36MTU@ha*V,reach,Jacqueline,Gardner
623,ebarber221@example.org,a+)9ZvlF2l,color,Ryan,Adams
624,elizabeth14692@example.com,V&2TBObtCT,specific,Robert,Walker
625,lewismichael257@example.net,8!3k5C%jo+,author,Amber,Woods
626,scottgibson479@example.org,%(qt3Sgdv6,first,Beth,Frey
627,kristinawatts909@example.org,&n%PvS+m3R,area,Alexa,Fields
628,ryan67462@example.net,_6F8biZb^&,along,Christopher,Clayton
629,kanedaniel478@example.net,D%MowO8lCL,bar,Donald,Scott
630,angelaallen28@example.org,Q4s5qMtW_o,return,Jennifer,Smith
631,jonathan81527@example.net,@+fq1B&mzI,experience,Melinda,Frost
632,alvarezmary12@example.net,q%6Y(UdUyv,large,Jasmine,Maddox
633,denisemckinney896@example.com,*PRV5s)yh3,face,Ian,Adams
634,christine83780@example.org,H!7FLmDp_T,paper,Vanessa,Kaiser
635,nguyentyler589@example.com,CC6Dye(!@k,relate,Shane,Fletcher
636,drakebrian788@example.org,&qmLdiVD&4,man,Laura,Gonzalez
637,donald50697@example.com,(2MNd_bhR0,effort,Alison,Carr
638,marie54674@example.com,W!ICM9Kp$0,task,Robert,Hess
639,cassandraschmidt9@example.org,Vx(O&uO@@3,present,Ricardo,Neal
640,otran287@example.com,#&Wg#1Ir4G,future,Ryan,Padilla
641,drussell689@example.net,^mRZpOBd82,central,Angela,Hoffman
642,stephanie87714@example.net,&n9OaF(3Z*,always,Tiffany,Brown
643,brendajackson378@example.com,v4OktKtw#l,power,Karen,Evans
644,riverachristopher202@example.org,@(!43vNmp),official,Jacqueline,Henry
645,anthonysmith687@example.com,$5&sSYb&$x,animal,Gregory,Griffith
646,chernandez704@example.com,1HU0edt+$J,prove,George,Williams
647,brett2854@example.com,!X0!HktQ&u,program,Dale,Stevens
648,bjennings114@example.net,&^5#7T1e*4,in,Erika,Chang
649,umccoy451@example.com,x7%pfYOv$&,view,Denise,Martin
650,cynthiacantu402@example.net,MA(9iLPwr0,break,Rhonda,Moss
651,mprice644@example.com,P5eHFp4b!l,answer,Justin,Dalton
652,dsmith445@example.org,U1fv*ULw#B,finish,Shannon,Hensley
653,kcarr488@example.com,s_p7vBKR0a,evidence,Tanner,Miller
654,kayla55259@example.org,1%7EX)Ow^8,behind,Diane,Brown
655,thomas64972@example.net,k3O%r&fu*R,have,Rachael,Larsen
656,castillorussell41@example.org,(z8@wNWJ37,movement,James,Thomas
657,glenda622@example.com,^nl9kVevR5,smile,Carl,Downs
658,kevin14570@example.com,!_68Dz7wVU,red,Miguel,Rogers
659,alexander12318@example.com,nyQ^iN)@_6,car,Samuel,Newman
660,rubiomatthew573@example.net,)9xi$$OaN2,company,James,Kelly
661,ujones525@example.org,+eHPgrEM8m,morning,Kristen,Mcdaniel
662,stephanie11258@example.net,KddJz4Ew%f,whatever,Steven,Kelly
663,deanna56236@example.org,$g2gKyGhgp,material,Chelsea,Thompson
664,ghendrix559@example.org,*3&1S&za)_,buy,Laura,Edwards
665,wfernandez706@example.org,^0M!YTHsxy,benefit,Jennifer,Ortiz
666,tommy57247@example.org,WS4MuBdq^+,speak,Ashley,Hawkins
667,abrady947@example.net,9D2YIhwE!H,focus,Mark,Flores
668,campossylvia178@example.com,)7AH#5LzpL,safe,James,Coleman
669,rodriguezadriana415@example.org,Z&10CLacOl,carry,Dillon,Long
670,mshaw304@example.com,&px)Uof(2P,major,Susan,Butler
671,sstevenson339@example.com,LV6aA6Af*N,art,Daniel,Long
672,grant66533@example.net,F^bmt9Rl$F,finally,Nathaniel,Green
673,njones815@example.org,@dx^u0StD^,it,Veronica,White
674,alexandramorton746@example.com,VJeODf5s_4,guy,Jessica,Cox
675,patrickmcfarland366@example.org,)KFY1MFm03,contain,Shelly,Moss
676,sandra29557@example.com,ruL48Dy4k+,choice,Thomas,Mcdonald
677,troyrivera972@example.net,*fQG%AtkV0,important,Daniel,Baker
678,iedwards986@example.net,^q5UD5jfrr,cut,Jasmine,Hamilton
679,duartechristina548@example.net,G!5xpGv2EB,item,Tony,Hawkins
680,taylorcooke64@example.net,0^zN3zJv)!,edge,Kathleen,Wilson
681,cbranch364@example.com,^(NH9pFf3t,animal,Steven,Davis
682,saramunoz640@example.com,G5(7lQXN&s,wait,Dana,Torres
683,katelyngonzalez760@example.com,!9U7iHe2)K,life,Isaiah,Molina
684,kathrynlee659@example.org,v#*4TRm2H*,bed,Jessica,Williams
685,floresjonathan532@example.com,*usBwnXuE8,live,Melinda,Benson
686,kevin55514@example.org,2wBvW1ZbY),until,William,Green
687,ahendricks1@example.com,hP87g#Zf)$,green,Linda,Carr
688,stonekelli682@example.com,^HCpIkIzu9,edge,Charles,Morton
689,groberson554@example.com,#sRppQd+1z,east,Samantha,Warren
690,michael28505@example.org,pw0Z0#St#N,follow,Christopher,Ellis
691,mendozasean514@example.org,J6USnwHx%i,although,Michael,Vazquez
692,jay09100@example.com,)7LCWFkjvW,budget,Paul,Davis
693,mirandanolan295@example.com,^h0e$VHx1@,according,Michael,Palmer
694,stephenburton855@example.com,%RuO!eJn0d,store,Michael,Patterson
695,barbara67588@example.org,9hj96Aj#!l,interesting,Roy,Welch
696,rochaanthony284@example.net,L0i*NSq%&r,system,Jason,Sanchez
697,qbuck55@example.com,qMy#j9Mxm0,picture,Brianna,Long
698,nicholas13420@example.com,gTu&@8w()7,think,Shane,Trevino
699,gilbertkline477@example.com,(j5BmK%pLd,analysis,Andrea,Walsh
700,michaelrodriguez718@example.com,Gp4&QU&4K^,environment,Vernon,Campbell
701,williamspeter717@example.com,%#74QboZ0S,interview,Eric,Ruiz
702,vvelasquez680@example.com,8qskF2@e^D,why,Henry,Webster
703,vsmith725@example.net,Rp5vL%ml#a,activity,Laura,Hall
704,kelly40865@example.org,s09N3k+q(c,not,Henry,Williams
705,cookshane117@example.com,cy0ZfvlOl),pull,William,Young
706,karla70954@example.net,^jKrVNjc89,attorney,Kayla,Todd
707,ydoyle238@example.net,R!3QZa3p%O,international,Benjamin,Moore
708,uschneider246@example.com,ks)T0Dlejt,enjoy,John,Pennington
709,oruiz776@example.org,!m*Feu*(_6,fund,Russell,Jenkins
710,youngchristine399@example.com,Ul3fEsmJ+0,off,Nicholas,Garcia
711,castrocameron271@example.com,d@*7_ZtDnn,bar,Curtis,Ramirez
712,dana09975@example.net,53QKTRgn+6,field,Nicholas,Freeman
713,james09815@example.net,JSfh9HQxZ$,just,James,Jones
714,petersmith806@example.net,&6G&zxhR_z,work,Jessica,Davis
715,matthew81447@example.org,*$@V8fDK4g,southern,Zachary,Duarte
716,reyesleslie955@example.org,!%GZgLs&7i,manage,Andrew,Nguyen
717,sanderson491@example.org,^B_hTeyfd2,subject,Paul,Rose
718,zacharygarcia218@example.org,i98JMJkX!),that,Joy,Thomas
719,allison04229@example.org,E(55*gMm^x,medical,Donna,Wood
720,adamsalazar87@example.org,M60JLescw*,whatever,Marissa,Greene
721,robertsontimothy352@example.net,_^1FHwmNfX,page,Kristin,Roman
722,powersaaron397@example.org,_$5_bYVesU,fight,Stacey,Shea
723,butlerangela595@example.net,&I+bMkU403,only,Glenn,Gutierrez
724,robertsjeffrey844@example.net,!4PG0YpY65,we,Daniel,Johnson
725,rmorales366@example.com,_HvIxXZyT5,thousand,Anita,Ashley
726,nathansmith539@example.net,JmP6mTt0*e,push,Beverly,Williams
727,cking359@example.com,$1RJhvRqJ8,others,Sandra,Jordan
728,xjones531@example.org,#7^oZjkMGA,senior,Katherine,Wilson
729,levydeanna175@example.net,!%L5KzEpqI,response,Lori,Harris
730,emma82553@example.org,$12Om%Mt(),green,Joseph,Robbins
731,michealandrews830@example.net,5aakoT%Y#k,style,Denise,Stevens
732,danieldrake612@example.net,$a8C86jH*h,enter,Tina,Howard
733,christopher16429@example.org,4NNky2CkX%,form,Jennifer,Conner
734,smithdawn473@example.net,Yq6uSYBk_&,pass,James,Houston
735,gjohnson23@example.org,Ms7DbyPO8_,southern,Susan,Lutz
736,krista95319@example.com,h!H1iqJANs,voice,Rebecca,Perez
737,christopheranderson321@example.com,*@GA3Z_ogz,public,Martha,Thompson
738,johnsonrick854@example.org,(20U@naqTD,most,Jessica,Scott
739,kevinduran884@example.net,!*GR7GAuoK,art,Anna,Pacheco
740,ujenkins155@example.com,j10QqN@f$e,including,Michael,Johnson
741,goodmanmolly661@example.net,W!5ShqSL8*,you,Lucas,Gamble
742,phillipsmegan910@example.org,zg__2@Sm2w,while,Marcus,Brock
743,tchavez900@example.org,%_V00NMoX4,view,Tina,James
744,omartinez174@example.org,)hc8onGj92,reveal,Richard,Reilly
745,fernandezashlee503@example.org,900RjHa1(H,happen,Stacey,Holmes
746,aaron54864@example.com,&2QsyozcIm,fact,Brian,Austin
747,wpatterson779@example.net,_USfM2Ai7@,better,Jason,Curry
748,cpennington668@example.net,_t++7Cda5$,safe,Eric,Nguyen
749,jorge85632@example.org,q14bwBAf$9,where,Evan,Beltran
750,mark67204@example.com,B^&_e7JdGn,party,Thomas,Johnson
751,gwendolyn97345@example.com,DBEDlPgs%7,industry,Emily,Thompson
752,gonzalesdavid982@example.net,(+F)f9Cx4X,something,Jay,Hughes
753,carrie13493@example.com,#1q97(Gn_^,him,Cathy,Wilson
754,feliciasanders32@example.net,0kLI%mJQ^*,bag,Michael,Bridges
755,pwolf49@example.com,5+D$NCt*(9,surface,Michelle,Mccoy
756,martinjonathan771@example.org,(rY9+W%AM3,trip,Michael,Patterson
757,emily03566@example.org,x+9CC2Ng(9,camera,Peter,Jensen
758,acunningham775@example.net,J3ECMyMg+l,enter,Holly,Navarro
759,jcooper100@example.org,5KCWnNl4_4,nice,Michael,Schneider
760,cherylgriffin145@example.net,^0_dUGZe&P,population,Lori,Chandler
761,merrittjonathan282@example.net,*9aqLVj2VJ,always,Amy,Shah
762,deanhess215@example.net,_s@DRaCuP6,project,Kimberly,Baker
763,ehall292@example.net,W+8)H7Of36,hundred,Micheal,James
764,jacobblack789@example.org,*YYexxB7d3,almost,Jasmine,Bennett
765,jeremy71552@example.net,EL)9ZW_gG1,quite,Amanda,Daniel
766,olsonkelly633@example.com,(nc0FgLVR(,can,Meredith,Carroll
767,ichaney834@example.com,+)VAxp3R61,piece,David,Parks
768,buchananchristine763@example.org,CO+0IGo$)3,movement,Jennifer,Washington
769,juarezwilliam562@example.com,9CwyLNeP&e,positive,David,Jones
770,olsonglenn400@example.org,vnR&0TFw70,produce,Nicole,Ramirez
771,aochoa702@example.net,$cqQ7Qq0nr,report,Vanessa,Clarke
772,brian92312@example.net,)6*8Suvp)B,not,Austin,Tucker
773,claytonhaley400@example.org,+r05DVryp_,meet,Ryan,Jones
774,davidbailey929@example.com,X2I@ufm$$1,hotel,Karen,Zimmerman
775,tlong140@example.org,_$B0Ym(WBn,read,Tyler,Hinton
776,ameyers882@example.org,#3yw3Y@p+t,large,Matthew,Cooper
777,lindabarrett512@example.net,+01ZQRM^i3,address,Fred,Robinson
778,sandrapitts325@example.com,Jn3EJ7Yw7^,majority,Jennifer,Mcdowell
779,michael95105@example.com,(OTm8WdY10,east,Alexis,Cook
780,jeffreylewis586@example.org,)^63#NeYvr,herself,Angela,Hubbard
781,greeneangela426@example.org,C9YJsoT1$b,television,Martin,Holland
782,taylormartha824@example.net,^7KTkyXlPL,indeed,Marissa,Hardy
783,josephhill589@example.org,(h3KrqZtX4,throughout,Robert,Wright
784,melissahoover7@example.net,j7731Wcbk%,clearly,Timothy,Rice
785,bondjohn207@example.com,(zW!#+ux!0,throughout,Melissa,Medina
786,murphyjeremy787@example.org,OxB7$Faa+a,leave,Adam,Roberts
787,shellypotts50@example.com,B@5KrcuonJ,around,Amy,Murphy
788,nicholechapman954@example.com,L^3AlNluJi,friend,Christopher,Tucker
789,jmorgan832@example.org,9rX9BM+U**,himself,Kathleen,Stokes
790,ialvarez598@example.org,$qoB)hfO04,series,Kelly,Wilson
791,greenscott304@example.net,4)7YRHWm_b,production,John,Peterson
792,davispatrick536@example.net,(vPbv7uu4P,body,Timothy,Giles
793,uthomas413@example.com,O2MS@fC$!!,think,Jeremiah,Kerr
794,benjaminwarner17@example.org,7)%dVHWu79,difference,Jose,Collins
795,carlsonolivia581@example.org,k4t^2JRtqv,affect,Ricky,Romero
796,mbright87@example.com,GEcPdOY_!5,research,Whitney,Sims
797,garcialuis802@example.net,*#ZT1t5a9M,their,Barbara,Jackson
798,aellis283@example.com,_!UOb2PcMb,but,Benjamin,Dean
799,charles86842@example.com,l67PPiZk#r,sea,Courtney,Anderson
800,amandagonzales135@example.org,*60HcwhgqT,share,Rebecca,Berger
801,vanessaholmes997@example.com,9$n7Asjnx%,thought,Paul,Jackson
802,rachel07951@example.net,^J4mKEUhqS,heavy,Mark,Richards
803,corybaker104@example.org,$GQhC$pk1%,share,Sarah,Davidson
804,rebecca21828@example.org,%9Ya%&ykv#,seat,Michael,Oneal
805,lward8@example.net,*($yE(5o0e,defense,Eric,Hughes
806,sarah21918@example.net,7bgt8Phr)@,find,Holly,Riley
807,hlee328@example.net,B7fXclkU(O,seat,Adam,Moore
808,rebekahbrandt841@example.net,)rPsP)sn+6,court,Laura,Hampton
809,elizabeth96681@example.net,e+R0R^l)ZD,low,Zachary,Pearson
810,robert14949@example.org,x5%C2SiynO,hundred,Nicole,Hawkins
811,dsweeney107@example.org,&4JzPVrIk5,international,Daniel,Scott
812,efoster942@example.net,Ek0!Zgye&Q,response,Jennifer,Wagner
813,laurie43946@example.com,+z4J&LiK!+,environmental,Kimberly,Weaver
814,adamslinda42@example.net,P03AQ$tb+@,task,Timothy,Campos
815,paulphillip963@example.net,W#6mWrPsHE,evening,Gregory,Hansen
816,sharpcolleen796@example.org,0Qd@l4GgiU,energy,Jasmine,Barrett
817,uclark179@example.net,+qzMub&uW8,data,Christina,Dougherty
818,daniellewade64@example.net,#hWvKl^%r2,when,Tanya,Mitchell
819,nolanvanessa52@example.net,V5lXhLRh+j,national,Geoffrey,Phillips
820,pcollins910@example.org,v#Y4TtkjbD,floor,Bryan,Rodriguez
821,carol28787@example.net,&&0FZtN7Q$,appear,Jacqueline,Moreno
822,xjohnson362@example.com,g+!J8TMkq2,sing,Terrance,Hardy
823,michael30822@example.com,*3*Mg0J+bg,exist,Jeffrey,Edwards
824,morgan14290@example.org,&q3cQbL13i,class,Cynthia,Ross
825,walltaylor470@example.org,(sVCHfLob9,benefit,Chad,Harvey
826,michaelguerra136@example.org,)E79@2JhZg,cost,Jose,Suarez
827,scottowen192@example.net,Xp7bMzD%s*,believe,George,Pitts
828,benjaminandres465@example.net,h$$V5NEw*%,away,Brian,Tran
829,wmccarty743@example.org,E9GC0oa+@l,management,Laurie,Parker
830,gonzalezbrandi783@example.org,DPg23WGt*V,guy,Kathryn,Michael
831,peter99408@example.com,&xE6K_dT0c,you,Joseph,Miller
832,barrettbernard658@example.net,Ud71WgXIU_,media,James,Tucker
833,leonjessica263@example.org,ddCEgxRs*2,it,Lindsay,Andrade
834,samuel29214@example.org,26ENFatw$p,evidence,Jonathan,Lane
835,wcabrera775@example.net,(P!MSvO#J0,general,Martha,Frey
836,michael4971@example.com,u6dh5Hif)N,hospital,Samantha,Crawford
837,lauralee375@example.net,U!2EHcy)34,small,Yolanda,Diaz
838,keith5836@example.com,Z!5jl8Ab9o,after,Morgan,Clark
839,ywalls302@example.net,(3N#*mNfn#,appear,Tiffany,Morrow
840,hannahnelson439@example.org,II&yuyEa&7,more,Bethany,Brown
841,christinebarnes833@example.org,649MkpvsY%,rest,Timothy,Wise
842,yochoa417@example.com,&6T@Q9Fq2O,step,Lisa,Shelton
843,rochajasmine291@example.org,74iNqAsR)1,hold,Laurie,Castillo
844,abigailgomez581@example.org,Y_5@&C82Ys,oil,Robert,Martinez
845,sean57798@example.org,7gVE4Ymk$r,rest,Jeffrey,Maxwell
846,cburns377@example.com,(bGNAcGW^6,service,Alexander,Estrada
847,christian48755@example.net,U7fUZmK%*I,evening,Laura,Estrada
848,hannahli726@example.com,2)X3LF(xxb,discuss,Brenda,Peters
849,hwilliams918@example.org,%J)LQuUm98,keep,Rachel,Williams
850,gutierrezerin165@example.org,bZKK5NUo@6,break,Caitlin,Robbins
851,williamrose111@example.net,y61$31Xe9u,money,Lisa,Smith
852,santoskevin150@example.com,&aD6+JQyHK,team,Mary,Olson
853,patrick03153@example.net,(Py2KfW_m8,order,Kurt,Gutierrez
854,ricejessica283@example.org,4X8QnG%)O+,ahead,Linda,Aguirre
855,terrence70199@example.net,_)3@f5Wp$E,activity,Andrea,Ramos
856,randylopez858@example.com,A%K3lIBuVZ,during,Melissa,Grant
857,joshua8997@example.org,VER@Xz57*8,evening,Leah,Eaton
858,meganprice537@example.com,AOp)7PCp!e,decade,Amanda,Lucero
859,michael84987@example.net,*7oBlBmD90,politics,Joan,King
860,zacharymorales6@example.net,t7Q7iEl^*^,there,Anthony,Martinez
861,markbecker733@example.net,m6ACjAYx#j,wrong,John,White
862,gregoryortiz848@example.org,S&7Tw6ah!*,phone,Colleen,Mendoza
863,nscott688@example.com,5+E6M0txUh,out,James,Beltran
864,john84981@example.org,_fGB@Ka%11,six,Shannon,Rose
865,ellen8530@example.com,J$P6cYd4^1,mind,Linda,Sanchez
866,kwilson817@example.org,2NOVyBf^+u,property,Cody,Moody
867,nancytaylor221@example.net,G3JAnezR&$,film,Jennifer,Baker
868,daniel52670@example.com,xL*PzDZF^7,statement,Nicole,Martinez
869,davisjames992@example.com,Fy4M_tnMf^,the,Michael,Stokes
870,yesenia98562@example.net,S@d6hvIe&$,stuff,Angela,Simon
871,thomashaynes612@example.org,2YMEMBc_(V,lot,Donald,Guerrero
872,fgardner761@example.org,r+3W7Ut!!&,hope,Alison,Smith
873,jessica72321@example.com,^(7SxNnEF!,through,Marie,Davis
874,qsimon724@example.org,O^3F6RsDi0,together,Vanessa,Martinez
875,frankjoe744@example.net,S)13J9j4&e,remember,Kristen,Fernandez
876,holtalexis701@example.com,6Q59mxBa*s,spend,John,Watkins
877,jprice277@example.com,9p7gERRMb),security,Max,Bailey
878,michaelhall921@example.org,8L!HGqSP_j,seat,Whitney,Terry
879,brookedavis208@example.net,*3VWlW1grT,shoulder,Heather,Cortez
880,valerie36636@example.com,awx&E9Ts6x,arm,Gabrielle,Duncan
881,rkent651@example.com,Rx8916XwD@,almost,Kathleen,Martinez
882,keith00606@example.net,0oB7ZIGHC),exactly,Jessica,Morris
883,kennethnicholson97@example.org,lb%GD1d^@3,he,Jennifer,Coleman
884,poconnor432@example.com,+y2&RgJcA^,case,Melissa,Pena
885,gilescheryl42@example.net,yZz!pvou*3,role,Zachary,Terry
886,roberthouston604@example.net,MygO2Jmk!0,staff,Brandy,Miller
887,jason33813@example.com,4R4Xb@si!i,weight,Donald,Peters
888,aroberson414@example.com,uUBv4W5dc+,view,Kristi,Kelly
889,cynthia58183@example.net,!5m9*Mo1i^,indeed,Jon,Ward
890,harrisjeffery189@example.com,cs3YOq_7y*,would,Jesus,Ramirez
891,turnerhailey328@example.com,)i2hQXVoDP,management,David,Collins
892,donna12541@example.com,K0Ce^XqQ!w,central,Diane,Gomez
893,colemanlindsay924@example.net,q9I84s^P_G,man,Daniel,Duncan
894,stevenperez85@example.org,!MFx1Qhiu5,scientist,Nathan,Wood
895,valdezcarol283@example.org,#3c9w+G@x$,another,Lauren,Robinson
896,john39465@example.net,)bceEawy7d,matter,Clayton,Lopez
897,jessica87809@example.com,!1Q2!gtKU0,not,Peggy,Morales
898,daviselizabeth980@example.com,&1DiHidTqO,between,Corey,Decker
899,valexander870@example.net,wvDM2cY3$0,easy,Brian,Walker
900,michael39767@example.com,0XU0bqMz$Y,same,Krystal,Peterson
901,xgarrison123@example.org,rkh2ZPwq&_,control,Derek,Harmon
902,owensmike388@example.org,om8HIDyi^w,picture,Amy,Sandoval
903,andrew68712@example.net,XAv0Cw5)k_,up,James,Ross
904,huffmanjessica536@example.org,%fU0H_x5N8,central,Laura,Bennett
905,sayers594@example.net,@(9@Uoggtd,style,Stephanie,King
906,bkirk678@example.net,$rt+KprjP0,cut,Kathryn,Smith
907,rhonda73871@example.net,+7oGGrqtvI,six,Rebecca,Howard
908,torresmaria757@example.org,)GYO^T(m2s,research,Kevin,Rogers
909,robert15136@example.net,E4Chp8ge*G,dinner,Travis,Sims
910,gbrown919@example.org,teU8&f)h$9,effort,Clifford,Jackson
911,johnsonsusan804@example.org,75+RStyg%j,spend,Mark,Mckee
912,philipburns852@example.net,+W2YAr&k46,serve,Vanessa,Brown
913,jennifertyler570@example.com,Obk_0YnEZ#,recently,Michael,Lewis
914,williamsgrace541@example.com,2zc6FetP#5,project,Jennifer,Turner
915,sherrycurtis396@example.net,I$PN1pOgK),condition,Leon,Vega
916,hannahcannon514@example.net,cUcehV5tb@,candidate,Kenneth,Haynes
917,ryan12364@example.com,X*6P^6DP&p,already,Nicholas,Garcia
918,kirknicole170@example.net,kk13FRr*^I,catch,Matthew,Fox
919,smiranda597@example.org,Y9u5PXlh&T,western,Alicia,Davis
920,michaeljohnson425@example.org,%*Ignguo&7,financial,Brandon,Ellison
921,alicia19921@example.net,$X1GCqnNfH,wonder,Edward,Wood
922,qdennis34@example.com,*G3Z3GajkS,again,Michael,Curtis
923,burnsteresa747@example.org,($9nJnNUk%,ball,Richard,Fletcher
924,matthewvelazquez534@example.net,+BjPfEYq6e,identify,Andrew,Wallace
925,ronniecook994@example.org,^ayBLkjG0v,soldier,Teresa,Davis
926,joel64924@example.org,y70+DiG3x%,down,Jennifer,Harmon
927,ghunter352@example.net,%587Wmey%),energy,Kelly,Bray
928,ygarrett7@example.org,)^86IjTq3J,manage,Bethany,Avery
929,erica21760@example.net,6(6Gs9ZLnu,history,Robert,Davis
930,crystal3015@example.net,+OAtPyP44w,Mrs,Patrick,Burnett
931,dorseyaudrey538@example.org,)Yw8ScUp2q,do,James,Ashley
932,kmunoz377@example.org,Oi6yF5Lq@@,always,Christopher,Gibson
933,oliviaboyer310@example.org,#1rFYU8g)j,once,Carrie,George
934,weaverautumn145@example.org,#yQTrwNFo2,brother,Lucas,Mack
935,luis54207@example.org,035^Ljk6$H,our,Stephanie,Bryan
936,grossmichelle566@example.net,W#m1dLflZE,series,Deborah,Gomez
937,qrodriguez705@example.org,&UzDE0Ou6Z,speech,Nicole,Malone
938,staceymorgan367@example.org,NW3MbiVq*i,too,Anthony,Wells
939,jorge69227@example.net,IzLHA$Tp!5,never,Brian,Stanley
940,davisandrew465@example.net,lz75X3Fam^,bill,Mark,Hanna
941,caitlin24508@example.org,e#W7P$a37D,compare,Nathan,Bates
942,ortegajessica707@example.net,&2FY6_ru4g,contain,Morgan,Gibbs
943,homichael74@example.net,(L@J+UNhn8,lawyer,Christopher,Peterson
944,robert03503@example.org,roxR5ZW&T@,which,Billy,Raymond
945,dunlapbryan197@example.com,#UZG+pgu@8,high,Jessica,Briggs
946,michael28587@example.com,N92QUz9gp%,item,Angela,Olson
947,virginia19390@example.org,!MH(ooFty8,both,Blake,Brown
948,dunncatherine194@example.org,(4X&2UwZF6,machine,Robert,Boone
949,hgonzales304@example.com,#$@oX1HfGC,best,Sandra,Powell
950,bdavis461@example.net,OT2Rxxnv&Y,energy,Anna,Weber
951,susanholland723@example.net,_r7yKDS$s!,beat,Laura,Powell
952,bryanhebert352@example.net,@RJhlLhY!2,least,Brittney,Padilla
953,brittany84882@example.net,R3+6H7s&8F,within,Amy,Larson
954,galexander204@example.net,#37JqA0&gw,continue,Kim,Smith
955,megan22635@example.com,x32F6y5j&V,pass,Lindsay,Pearson
956,matthewponce612@example.com,X3IKhi%J@4,set,Rodney,Crosby
957,roberthaney250@example.org,*nr3MmdRG%,instead,Megan,Clark
958,michaelmelody678@example.net,F1gCHFcj!x,turn,Samantha,Davis
959,tbailey617@example.com,X)40BjMb6_,picture,Eric,Keith
960,lfoley208@example.com,(+WOnfu78l,finish,Dana,Poole
961,emartinez863@example.com,l_9(HAGs!i,should,Kimberly,Rodriguez
962,shaunwoods731@example.org,74q0JJ%jb*,themselves,Jonathan,Oconnor
963,jpark754@example.com,OvM8BYI62*,guy,Matthew,Gillespie
964,dawngay37@example.org,+O%4*K*ct5,will,Catherine,Graham
965,timothy82762@example.org,Gl(8xWwJfQ,cup,Nicholas,Rios
966,jasonguzman14@example.com,wuML%Vwk*1,second,Pamela,Cole
967,wmorris564@example.org,zt1qMhFeG!,identify,Haley,Miller
968,radams663@example.net,dN7R9Gyq@),scene,Rebecca,Bell
969,john53949@example.net,2aNhFcte^0,feel,Jason,Jones
970,mcclainashley524@example.net,6SJu)Ahd#8,remain,Elizabeth,Porter
971,mcdonaldpeggy432@example.net,mLD6I*xrf&,better,Kyle,Kelley
972,shawn53228@example.org,Y@4TGcszed,charge,Thomas,Allen
973,shannonmccann761@example.org,ulSHjQy_%2,thought,Shari,Fleming
974,roy7762@example.org,K1GbLYoX$q,bag,Brandon,Barrera
975,robert50858@example.org,eo7ELfIgp$,around,David,Curry
976,henryashley519@example.net,@29qMrkVx%,able,Nancy,Hoffman
977,pennywilson4@example.com,*M+5+PrS4L,front,Jill,Harris
978,znelson199@example.net,6MDceS#r)9,attack,Louis,Martinez
979,diazbrad939@example.com,(1tl7RPw9J,sport,Michael,Cabrera
980,tylerreyes919@example.net,J$5a1UyTt#,structure,Maria,Ramirez
981,mitchellkyle525@example.net,a_5+X5&i6K,theory,Robert,Galvan
982,kellyrobert239@example.com,XL6Ewnfv)F,father,Ian,Wright
983,shawnflowers586@example.com,)Iea4mnwo_,once,Andrew,Winters
984,smaldonado453@example.org,#xpNFjvl8k,vote,Dennis,Johnson
985,chenkyle715@example.com,&13VTLmo%B,evening,Jeffrey,Matthews
986,smithdillon47@example.net,#r5HgBjq^A,would,David,Brown
987,zware172@example.com,c!5R&%o^P3,letter,Ryan,Camacho
988,durhamdenise449@example.com,@y$u7VfvxR,financial,Michele,Hanson
989,sandra80543@example.org,$(2v0Kcj2),these,Olivia,Martinez
990,ehanna447@example.com,^E)zdZ*ic5,phone,Barbara,Beck
991,riverajoel224@example.net,!4&NPsTn6w,last,Michael,Patrick
992,thomasmiller439@example.org,wO1Oz1_@&&,near,Lauren,Brooks
993,thomas05677@example.com,hwR6Lm#a@1,pay,Stacy,Mitchell
994,lucasrobbins814@example.net,5n09jUrxA+,foreign,Paul,Hubbard
995,lthomas586@example.com,$TAbiEh0F1,four,Michael,Parker
996,robert00952@example.com,Q8AOoyp3)*,recognize,Frank,Ryan
997,perezkaren678@example.net,xmF46eni@9,director,Sharon,Brown
998,breed775@example.com,#z4FQTl9w0,protect,Lauren,Logan
999,inicholson792@example.net,lO6k$CUb#7,street,Rachel,Vance
1000,melissahernandez10@example.org,E1rLsrK@$),stuff,Mitchell,Davis
