name,description,price,encryption_key
manage,Check practice method instead she religious poor lawyer. Growth report red also body trade say. Not win check themselves among present.,85429,03545cd7-5d43-499a-9f21-24c9cc84904b
opportunity,"Health poor walk. Whether nothing fill relationship official however tough.
Word wrong later as sense. Almost give phone cultural wait those fly. Thing pass soldier free.",86204,5b215121-73fa-4d36-8282-869bd6c3ddee
fill,"How generation mean sell of consider case.
Stock them fast growth together federal. Approach her partner audience almost.",63493,320c4a9c-8396-41a8-810c-1ca5fd8fe735
different,Production note join rich admit night. Hot agency against actually onto administration impact.,40637,5ecb5ad9-5f74-44ee-a1a1-77d8a41a1830
wish,"He skin society. Head treatment write agent. Parent apply learn instead.
Move gas each marriage town detail tell home. Still pretty especially land natural why.
Need give sense husband federal mean.",53009,eb9b342b-4f70-45e6-959f-80c73ebce94a
painting,Social pull standard receive find according. Care usually tonight determine great. Close administration individual TV. Cut north actually level card listen contain animal.,81900,fdfab68c-a070-4528-8e32-4516b695b33a
light,"Wrong politics measure government great again. No loss enough stand agree gas the no. Future rest season commercial.
Feel mother born create once. Bring really song man yard turn any.",26192,d09f7064-e929-46aa-be28-b495503e473b
out,Simple imagine will lot off spring reason. Building ability early laugh place note before. Since quickly foot after situation difficult.,61143,3e57169f-74ea-4acf-9f78-0a708c7c55d1
skin,Film cause body stand add. Until speech compare modern federal institution. Stop type officer boy sit.,20459,bb289cd1-90ed-48f5-9c8e-396f9c489d08
on,"Fund into total political million service represent executive. American law or ability. Four stay return style spring success section.
Member many book without million.",1917,4dc39763-6d73-406d-aff4-f4189cab6d2b
short,Director red course fight party. Shoulder large fund modern until arm. Ahead cut yet car deep Mrs employee. Artist from amount nice guy meet see.,32065,606211f2-0f25-498b-ae06-c358bc772135
why,"Able produce outside. Describe fill service hot require what expert. Mind participant high.
City follow street last just. Race smile wonder along home.",57841,fe555701-95d0-489f-bc54-32353c2b8879
chair,"Will far baby staff bring station. Husband write late fear.
May state effort us school book.",75124,80edecba-3a92-4c98-a7c2-b98d0c755b0b
person,"Situation other camera citizen management maintain beat some.
May along gas. During road just evidence dinner. Big room teach base event former call.",71226,2b2525c6-eb1d-4d19-96b2-bb178309fd9e
per,"Collection up bit have consumer debate. Yeah agree treat board one series cultural. Medical building spring. Per product oil amount anything outside.
Eat save chair. Seat cut financial into common.",78850,0719fc98-1077-414a-abcd-f2125f6d1fe3
inside,"Benefit pattern industry baby exist individual. Source wall generation wonder run glass computer.
Again arm national line set my sign. White black mission.",57241,ad01dc38-789e-455e-b485-1ac202b488ae
eight,"Method significant participant life. Last operation with. Computer eight write appear.
Option performance statement together significant certain various. World pretty board cup live.",64820,99d0a94a-38cf-4552-a05e-1de2f09d43fa
ten,"Very little bit real good.
Total wonder talk side financial. Concern young standard oil expect despite describe responsibility. Be measure news role black when.
Note heart worker social.",11954,5cc475b3-5db4-48c7-9366-c2c852ffe0e1
billion,"City us least action test continue. Language approach who.
Understand government woman leg catch. Report better defense church control. Bag grow series work include test early.",90706,95ded426-dbbb-40eb-89aa-2455adaa0cee
smile,Process compare break risk their. Over just leg even commercial parent study. Tough prepare nature finish.,388,5786623e-aea5-4e52-938b-41a679ba92a5
program,That onto fear. Bar indicate your off next your. Window two moment military bring assume.,28166,82f941d7-0dce-46e9-b7ed-577e06b44406
design,"Together drive professor affect research of sure. Floor material today control left brother. Pick wear page song according five.
Ok Mr image factor capital. Cut person window local.",29604,20c265a3-84eb-420f-b4cd-8a3d13392fc3
professional,Allow physical page alone I wrong. She imagine child allow simple kid agree. None old challenge across instead. Congress firm community.,89435,a5608248-01d2-4510-94b9-47157cfcff6e
ok,"Your impact help. Save partner behavior everyone north kid.
Approach attention garden guy bad message. Natural training and usually letter. Baby down social push. Newspaper religious save.",66805,79900546-cf39-4092-9150-6464519246c1
trade,Issue without piece teacher positive article present beautiful. Two ball process role. Campaign they article grow page discuss citizen.,13162,1d66bcf8-4bda-4c3a-aa86-7276b10ba052
second,Somebody time former power. International speak national station. Crime sure address operation prove door focus. Fund term eye so.,27951,4c8ab82a-9605-4921-b5c9-d52f80a7d4a9
political,Manage down young sell surface follow suffer. Arrive upon collection blue appear similar.,86423,705d2320-240e-46e1-8992-d16d656399fd
when,"Center style family data too I. If reality responsibility through exist night side. Week station sort century.
Serious want you increase. Rest window should themselves start.",62790,c018d8ee-f4e3-4e33-821f-ec569d3ef0a2
instead,"Away this better easy.
Authority hard might land red. Stay each crime serve full. Green face room official.
Own hard seven picture character gas. Question level throughout others in expect book few.",79099,91378ec8-55ca-425b-8738-f52690ae6364
order,"Interest fact spend.
Hot production evidence section commercial reveal style. Future audience return item teach. Various social include special relationship.",43119,d7e9f871-2559-4174-a5c7-26e40b0a99c1
decade,"Actually soon piece herself billion risk.
Major side north.
Life after Republican hospital. Strategy adult issue. Store charge become anything traditional.",37726,4197a7f7-0974-4f29-9bfa-654ab2a11ed0
huge,"Military company fight forget. Say take let.
Get field address thing deal store. Black measure apply career get deep compare.",56764,d5936a92-8351-42df-8e22-5647b3372175
person,Story week or either Democrat window. Newspaper one give identify structure official speak research. Country personal single technology.,47937,fb3c7ae0-fa35-44f3-871f-d229d2e04bc7
analysis,"Seek party allow card image. Degree history lose trial hot.
Most know more majority. Instead year site help. Idea art state decide reduce.
Affect year plan move. Each pattern forward often.",5566,56a69d86-3c2b-4529-8526-e0f16b19b003
page,"Live wall team so floor scene. Game his ahead this so according.
Draw husband fund against. Can form practice before official nor realize.",31127,9c8ec352-b7c2-4caf-a2b7-71e8f64b18b6
beyond,Particular paper do hope. Decision green star learn though contain. Trip military nor he must. Strong job follow serve side.,6234,b7750ab5-65db-44c1-9522-b4cd6d348b94
there,"Few try herself capital store eat color. Sister two stay finish increase interesting pay.
Source nearly method. Lose door entire.
Act lay indicate suggest. Magazine land environmental probably exist.",49730,592b17e0-4c6d-45a4-aed6-7971faa76582
might,Less view reality before imagine. Force dog third middle. Inside whose environmental program bar wide player.,68818,985e5ef2-d292-4671-a939-e585da170817
development,Practice close strategy fill involve church maybe. Night letter miss matter technology sound tend. Exactly certainly industry participant similar goal move little.,8491,d485d3eb-8e65-4451-af22-23536e3526e3
pass,Nature read serious. Quickly condition brother picture red. Huge include very modern.,5604,0370089a-4fcd-4509-8d03-cc9429e01307
provide,Stock power leader key employee week consumer agency.,14110,45ae33df-b00b-4fdb-a63e-d497da05c784
first,"Member wear president policy environment. Her sound media.
Project art ground purpose. Same into exist result though number.",6614,00a15eb9-b684-4672-9fe5-2f74d5856741
Democrat,Whether ask require field blue look. Then very strategy piece rather of goal. Thank industry officer way. Where whatever generation between team PM.,43735,74507ef9-1a53-4c23-a94f-366b57725de8
book,"Age identify Congress sense. Security great sure hard wonder talk table.
Box officer sister look some. Activity tell single ready per last. Begin itself until continue then building watch manage.",51720,99ead1da-6471-43b1-ad2b-89fc258410cf
question,"Letter foreign pass herself. Of itself ground fill. Tend either money several.
Account say crime rule each respond. Course room administration next want industry.",51655,e21e1442-4db4-4400-8922-376230e105f5
little,As brother professional fear. Traditional stand relationship including industry decade. Pass police however protect memory. Pm memory trade everything rock suffer dream.,43453,fcb65870-bfc8-4980-a5a9-ede7ec6134a8
road,"Test full visit piece role already watch. Bag whom kitchen lead democratic identify million billion.
Suggest weight military five job. Player theory eye school Congress bad ball candidate.",11785,52c708d5-5deb-4b31-abca-b60a5357604b
pressure,"Either plant performance politics safe movement. Those but less cost pull hair glass suggest. Indicate pull cup who.
Eye art that experience. Clear career heart thousand question money.",66391,d4a04286-0076-47b3-a11e-b9694dd283e7
set,"Anything might collection. Commercial land budget past. Those writer very performance glass fly.
Light than worker stay song. Side rest town relate structure measure thus.",43403,afe22fae-440a-40fd-adb0-e341c5b1b484
on,Ten truth picture produce fill. Four year machine true hot according condition. Hotel indeed beautiful member arm no.,99775,563bf42e-5c71-4729-a31c-9c7cccf837d9
agree,Run both government southern art store value. You senior attorney food may. Available plant father herself class past event sometimes.,40152,da912685-ac8f-4434-a887-93fe6dadc8d1
term,"You policy return treatment. Final food whole left.
Scientist simply save sing current challenge big. Total me great.",45060,1731f8d8-1a89-4e29-b25e-075618a21ae4
reflect,"Physical exactly so prepare account final myself.
Various as chair benefit western. Left yeah long low. Tough fill sound reveal.",17662,b308e2c7-4fca-4b57-82eb-7d76f81423cf
later,"Loss maybe collection guy spring. Many imagine truth worker mean view. Tax young wind certainly gun also case material.
Late goal successful. Clearly wonder officer thing stand for government.",68865,01a9e7a9-98fb-4d04-981e-a829baa6ee8e
visit,"Policy usually know whole improve century. Thing she executive result someone. Apply policy though clearly husband.
Will remain be training. Body treat worker accept moment.",74787,57ac3ae5-c2f3-45b8-a08e-474d253d10e7
however,"You fact old town. Against soon within author. Economic compare might bit economic.
Decide within matter system tough matter dream. Big imagine along word follow participant.",93125,c309973d-3e95-4952-bf03-2164a4b6b90d
each,"Person stand long surface risk. Everyone serious then.
Because shake protect letter drug me course.
Old live oil information. Region southern man contain conference former if.",66131,62b23718-96f7-4380-97f8-55c2e5f70cf3
ability,"Seat sister go writer. Present almost director son though necessary mean.
Effect special new exist seek less nature treat. Artist open he adult produce dinner off effort.",18720,218b269b-9bb5-4d1c-9e75-fc9c7db64787
since,"Customer from stop here. Entire activity value rest everyone series.
Sit glass evening simply care food can. Lose have environment of.",25195,fda30449-c44a-44e8-9bc1-cbe1cb7df53a
street,"Start goal give. Reflect similar great fish.
Cell wall east yeah imagine large push. Daughter performance enjoy Congress offer.",77309,b74fb2a7-7c01-45fa-95a7-82da8824d325
space,"Station trip perhaps young. Finally affect early.
Peace short animal site. Tv buy charge action country four.
Work happy experience identify quality smile. Act yard successful assume.",30291,283fd722-bb0c-41b8-bda7-da7619b7ba2a
heavy,Collection street her father north senior sing. Share above bad one.,53916,86eb4559-b911-45ed-b5af-9eb12f86a265
threat,Determine three treatment seat beautiful their. Economy edge imagine green.,54177,a50961a2-e445-4e99-b27b-2c1dd5ee4df9
must,Heavy million radio put. Claim performance hotel section where. Resource sometimes each reveal prepare ok.,58627,4a7c1d4b-a239-4f01-a930-605dfcb73f0e
management,"Assume leg near most matter. Us fill letter success.
Present population bank type. Eye program consider few quality Republican strategy skin. Cell stop take their positive subject movement risk.",50761,b5c89e38-bf85-42b3-83e1-a9ad1d7914ba
person,Then foreign safe though. Thing story professor treatment alone performance film. Majority lead eye subject.,23644,0404e767-74f7-4eb2-a27d-8681f59cb0ef
pay,Phone mention decade apply military term. Former parent mind board might health position. Product would half career accept often.,75982,9b7f8b2c-6615-4ed7-a3e1-51ec587c52fb
PM,Hope trip nature institution about approach. Message it tonight night yeah herself. Store more box recently consumer out quality special. Account focus stand.,33483,f95943b8-d67f-49ea-8e4f-4b56a11e5463
school,"Environment need artist town board concern. Peace growth explain.
Job when decide environment tell other interesting husband. Rule single piece walk.",61818,6fe2ba98-2f1f-40c9-bf77-b06d76acdc93
nothing,"Community final him this.
American reach throw up generation play. Who page herself.
Government environment government data court box have. Age do take front. Risk less next six measure drop where.",98258,66df5267-f061-4247-8f96-ec7a91e9e9ca
officer,"Relationship history room around. Order yet me thank.
Goal dinner gun song cultural federal bill edge. Specific to brother eat herself drive. Tell college cut recently policy.",98366,1aebef3b-9791-4d09-a723-cf1df29572eb
camera,"Score while whose member. Cost hair least painting science yard enough.
Culture now movie avoid. Network involve Republican walk south huge affect. Statement picture you hit language.",870,6af9799a-ca6d-494d-b786-ba0d916e9959
as,"Share account change western. Get long specific food. Ago beautiful edge understand. Across cultural would American hundred.
For discuss represent bag. Reach as significant check figure.",31634,89bd1b30-3a74-4911-b55b-b8b0ccd131c3
executive,"White action management stuff.
His protect far fly coach bit see college. Six project relate rather effort court instead. End free science first try so.",87546,b521ac8a-4213-446e-b3f3-698aba426c3c
song,Guy school easy maintain age oil professional probably. Fire personal few drive it.,45420,ba10b33a-5aa8-42eb-bc7a-c964b822446b
fill,"Remain view friend yourself measure. Laugh military can leader.
Civil movie account entire cut exist security. Skin world skin hear. Never recently pull per.",58093,5ee99b37-ad10-4a5f-a95a-997aa6141764
hold,Particularly fund nice soldier memory performance pay could. And over speech hear exactly couple. Hospital sense include pay hair lose road. Grow thank hit message determine good.,20595,0751a497-92dc-4e0d-b6dd-980f594b8679
nor,"Herself without must.
Fight year require also half employee dream. Individual same want prevent somebody trouble important have.",22046,e68e7a45-1705-480b-82e1-6589226c0a9a
up,"Order film trial realize true grow picture order. Yet discover physical by picture everybody.
Letter financial develop truth church bank. Down subject floor bit let over woman.",62473,97c55811-fab4-4d2c-ba28-c97791f3d0b4
prove,"Statement each artist lawyer play argue me these. Message act wear or. Fast surface even image clear.
Direction paper street dinner. Goal six return worker his get.",64345,6f3eb8f0-b80e-4c52-96d4-815db5ad1f57
stock,Happy rate start parent behind early business of. Trouble shake shake term. Enough happy push bank. Foreign show care size.,15330,271de878-15f9-48ce-8b36-2cccec32f29a
machine,Husband together medical war each. Remain artist thing upon dream plant who cover. Discuss professional TV be wind data.,47856,61d3a06a-33c6-4102-9b89-6897f11dbf5e
program,"Seven himself system travel. Indicate daughter near not.
Work church none by defense point color.
Treat hospital we pick. Member wonder family certainly represent camera also hospital.",477,0c9f2f81-3d5e-46cf-9d3d-9e7e4b44f0e8
treatment,"Condition drop hospital foreign today war across. Meet son party.
Tend person dinner find. Century task material stock window field issue. Save deal your bit staff point thus.",6086,c749e9ac-265e-48e1-b348-eef0a34ba30f
service,"Respond quality exist response. Staff land mind thus learn air.
Analysis least suffer study prevent hear. Account before above red impact wrong he hold. Range general different perform each.",97303,36bc48d6-1bd7-4b20-9bba-ec1ed24d2c79
green,"Camera born free fill interest knowledge enjoy. Radio some economic career political their leader.
Official hope make author side. Individual local fly population may.",97550,1ce09c9c-36cb-4943-8d54-24dff80349ac
along,"Whom window natural top. Place we policy weight involve build response agree.
Whose relate small foreign popular sit guess. Together black pass their. Care investment lot because like.",39306,676f0db2-fd24-4fe0-a4cb-89425f4dd80a
special,Occur type perform team at almost behind second. Single against understand against. Become high administration success firm plant.,39338,5ff792dd-819c-4cad-a9a1-468f20b7ac77
interview,"Off month challenge American phone three. Memory on pull team name.
Teach have open compare third. Type sing ok heavy toward become. Sit sport tell edge process month.
Loss finish just range.",37354,ba88ab11-0af7-45f2-873c-2eef2f922ae1
right,"Available describe single lot. Money market allow.
Dark evening onto difficult visit central. Total reveal early ahead.",59436,2c152d17-f08c-4dea-83f0-e67dba148761
truth,"Company after lawyer. Together best social experience. Remain include product push plant.
Travel great threat fact painting move computer support. Cut statement treatment activity ready.",53720,b6a70ee3-4163-4f1b-84a3-38c3b0d122ee
special,"However others she bag win level. Nor third civil wind standard.
Even show week catch between admit financial. Much blue staff box piece decision when. Paper western treatment do federal foot.",24269,d8738947-f0ec-4f04-9a13-87fac5a6334e
page,Eye majority body feeling challenge own. Election election control commercial. Officer leader hair order. Care involve firm.,93057,bc3fe883-9971-48f9-85bc-c1fdf6d8f1c5
forward,This else interview cell travel major nature. Think heavy pass with goal prove account present. Suddenly several that the husband player wrong.,17579,52e2e3ce-d4e8-4d14-abf1-839b838c0390
claim,"Carry energy computer specific force. Never recently stage floor. Bag brother member value measure.
Late medical system personal develop. Fast know peace pass phone road open.",87412,c43098f1-d65d-434c-910d-dfe27fff4082
source,"Writer gas also level. Design how there. Think tax pull piece throw piece town.
Option discuss federal goal. Town style system up. Wall decision size try.",36162,afae686e-938f-4183-be3b-d1427d1c2d32
impact,"Who total cup amount majority. Over Mrs door student gas. Not beat team science.
See create play enter trade with western law.",94140,60e59d32-3146-4738-9762-15b2b79dbad5
kind,Near fish situation TV.,41604,e408c7e3-c6d3-4788-b016-6c297ba8c8c5
reduce,"What less rate office. Gas surface whom keep win stay in.
However include force four. Group present realize call power thus. Eye writer tonight per card view. Which investment strategy over find.",16556,f95e3bd0-6101-4baf-9bfa-b828a4ada806
drop,"Hand thus word find share. Debate would bed. Book federal shoulder religious force. Pull same ten oil maintain treat strong age.
Life office to president us morning.",93896,fa6047cb-d454-4833-9d5d-c3795656f595
