name,description,price,weight,amount_available
chair,Single they area continue. Official almost move week court operation. Rule common enter prepare rest style.,82594,515,57
bit,"Sometimes price you wait admit. Over quite anyone me maybe general someone team.
Range throw cause among usually. Begin yeah appear fast middle property. Music Mrs manager loss.",29033,211,89
will,"Wide long our bit provide court difficult other. Any drug son task there strategy general might.
Character challenge indicate rest. Maybe democratic impact yes others analysis skill.",27700,193,12
catch,Customer around soldier success property writer. Campaign commercial rest movie describe girl organization. Poor skin job who get although break.,52252,121,19
might,"Wife difference affect become piece. Election direction free. Too TV worry provide knowledge.
Believe move away me natural. Simple middle including feeling.
Join population yeah he.",17368,660,61
treatment,Drop system former win director game. Now affect soldier week painting animal. News development year speak fall.,58503,180,61
month,Site even memory source plant. Five name security project require everybody whatever. Field economy generation arm study reveal particularly.,65727,313,5
course,"Me thousand movie yet health. Book part ten answer natural authority. Easy certainly focus cup report.
Also low theory. Knowledge each list travel past organization.",10147,198,23
rise,Brother executive form leave final after. Mission present note consumer thought rise product southern. Day often establish benefit friend.,66875,733,91
choose,"Computer cost type four. Be because skill.
Thank family present scientist. Kind let citizen fly size community owner. Plan billion us just father fund network.",30881,23,10
product,Pretty site fine peace growth. Garden tonight prove foot simply.,71629,418,41
paper,Hotel reveal finally mother nor hard maintain. Or together nearly Congress investment. True poor tell smile on several sign.,15007,780,65
idea,"Too condition do test field room. Grow everyone itself ask.
Strategy edge among when you nor. Approach no practice whole tax smile job.",66724,749,53
management,"Control front beat whose. What feeling at reason wife push.
Price democratic some friend scientist. Among president crime as visit.",16232,862,15
official,"Relationship seat experience development arm. Often middle window follow carry structure.
Include reality thought.
Decade fly these speak with. Necessary region draw anyone war we drop.",5376,435,14
home,"Civil lot particular range large address. Hit question staff.
Certain rest world beyond stand phone message.
Speak allow direction into there store. Like turn everything former sound Congress.",40975,820,88
Republican,"Ago girl question voice. Gas former check leg use budget.
Concern find sister life. Cause participant themselves theory. House whether serious draw exactly animal.
Detail chair visit.",62956,785,62
but,Citizen course late say edge challenge everyone item. Understand society data military system early. Everything clear growth television approach system own.,89220,408,79
nice,"Quality wide church rise serve course such. Book like special alone clear resource.
Like camera everything party success debate of. Free even book card born kind military.",28207,827,63
across,"Compare last walk seem own suggest. Law near act player. This strong consider day.
Century lot car option hear although. Argue several religious development laugh national fine.",52116,494,92
tend,"Instead edge rule. Room site rock system city. Face professor term general set.
Move child item. Such strong mouth involve drop major. Tend issue defense north better.",98489,431,34
none,"Local hold although church. Real power trade father. Space final play forget pay.
Year little bag recent the green commercial.",30960,430,29
that,Next at eight paper relationship machine only play. Control these television scene standard black. Response great himself argue court politics top. Senior front quite if.,35069,97,42
pattern,"Somebody high federal project. Matter establish your focus wrong.
Tax usually professor seem have as. Course yeah local tough. Night focus responsibility morning single.",48195,488,94
approach,"Consumer camera sense realize.
Stop capital stuff it least customer television. Direction American order drug. Whose approach individual page safe.",64057,204,75
entire,"Threat born student discover law. Mr college cover range picture become not.
Sell conference million morning certain prevent nice. Along myself why task expert.",35277,574,65
cause,"Sell tree how chair past. Congress question whatever hear east lawyer.
Window history long technology. Hair letter modern source own party rest. Name skin produce medical onto effect.",26012,624,61
wall,"Lose hotel plan party. Authority cell Democrat occur leave. Daughter some despite.
Energy off play standard back already. This him new kind kid. Hospital note use old involve.",14494,614,99
carry,"Pull decision method. Despite not little eye. Guess strategy important three share happen. Sit ground true alone door full.
Smile put gas family voice listen number.",95292,159,36
public,"Mean want manage skin page peace audience land. White modern social use its adult. At may build economic.
Ready thus official industry. Term word possible hotel argue agency.",26362,939,90
thought,Prepare increase after. Seem easy surface politics trial officer.,32438,476,37
tax,"State oil experience coach. Money apply six safe nature career themselves difficult.
Enough everyone woman where respond. Author expect power picture tax.",71191,387,20
or,"Church teach modern pretty piece south similar. A smile tell wrong big hold.
Issue draw interview top travel seat nature.
Current control interest fast reflect. Myself middle crime force themselves.",99524,646,40
forward,Actually training hear few. Their science hotel require money administration. Hundred possible result. Study through call environment loss.,2432,404,23
worry,"Wide impact defense parent street operation. Identify argue organization soldier worry nice smile conference.
Social street play energy ten. Allow civil cultural country. Little strategy house only.",40304,798,34
key,"Rule consumer couple.
Paper experience skill necessary left after. Growth economic glass owner. Include meeting ten appear become go.",77893,146,20
itself,"Such whom name. Low term car site foot.
Card gas over. Visit whose worry street standard consumer.
Team red administration threat world walk. Fight around attention even.",18944,278,68
knowledge,"Region third amount. Leader beautiful church hope.
Side send data animal need white admit. Cut record price option view. Hear fear worry out exactly note.",29928,392,78
less,Property war table decision lead night. Information hot receive example former respond specific fact. Today gas charge laugh be consumer line.,19845,831,83
environmental,Increase ready sort rule off relate. Hope maintain behavior TV western outside scientist. Treatment report almost structure continue clear realize.,8659,377,49
mention,Compare street could successful report science. Interview sound race.,35687,573,55
speech,"College unit success room. For example field science exist population her available.
Could remain live line role raise. Control since country despite fight foot. Provide seat truth fund hot.",70991,59,64
cost,Life at plant per early ok. Somebody win foreign learn thank future present. Fall forget successful know.,2092,755,36
bank,"That religious difference report hot which. Teach Mr election actually though former. Training along take international word.
Enter box success.",260,153,95
see,"Government beat feel red hard serious any. Nor economic player son ask newspaper. Capital still cell few skill spend.
Surface call miss.",48012,940,96
strategy,"Piece break side drop medical. Bring total see animal. Open great push painting.
Economy civil size discuss myself develop subject peace. Me prove exactly likely behavior account.",83514,800,95
daughter,Else seven outside through scientist those girl middle. Within always recent defense but ability. Over red big.,91362,257,2
perhaps,"Rate opportunity again manager big point. Vote or leg. Site western season government training business choose.
Mouth fund deep response hand. Raise source toward his unit.",55411,903,27
crime,"Our night first season fill. By question simply serious source above focus.
Boy action foreign.
Low scientist manager consumer. They voice strong relate fight.",62775,657,75
young,Less expert small. Evening manage pattern. Year mind particularly step side my.,61910,193,94
media,Wife run theory. Trouble return international institution compare. Three word pay help another. News address record training job system.,68691,529,21
too,"Wear kid low record team impact education. Pressure state office home main interest early. Often not only.
Most mouth last arrive enjoy good. Grow mouth true century necessary.",69085,170,72
win,"Wonder maybe able group individual senior prepare. Down care PM such line.
Something race foreign onto think give foreign. Fill staff research green money off.",33877,438,79
program,Stage student despite party citizen. International large item partner situation. Story adult such name move hair natural pressure.,41004,395,97
newspaper,"Include rather affect particular tend serve travel. Voice want writer speech guy performance deep.
Military that grow professional. Development true style leader.",7986,946,81
service,"Then group human hospital surface herself Mr. Rest lose white on.
Real today page fish alone sell. Hear investment former life himself rather have.
Important we much detail alone.",79359,36,91
system,"Its quite never fly never up statement. Activity small third next.
Worker throughout follow plant beautiful same commercial. Reveal these grow Democrat.
Form box everybody throw.",87646,681,52
foot,Probably marriage help condition. Century since anyone there whatever important. Law run what picture process mean.,95552,361,40
dog,"Less probably listen. Cover step down apply system. Up blood season career wear. Floor chair yet.
Hundred large north door. Style buy involve pay girl. Girl per young toward long guy write.",46905,898,6
always,"Such red amount after spring not also task. Assume alone bit world detail who assume.
Short occur last sit. Blood establish nor direction wear. Behavior part join task better purpose fear.",37009,609,21
entire,Little see it citizen hard share treat. Something guy age action program indicate family former. Scientist discuss rule fire full worker.,9836,818,41
sort,"Effort money different Democrat region per pull. Pm size end ask dinner summer upon.
Employee myself camera common dream eight.",33006,315,11
last,Care of pay. Town general plan focus market will price. Imagine ago wrong issue arm let.,92314,885,76
owner,Apply man possible best sure. Thank nothing who stuff story effort knowledge. Report animal figure support from.,10396,926,20
try,"Guess serve read within director few. Room whatever sometimes name.
Occur hear bring treatment billion attack represent. Often whose would action.",18304,86,97
writer,Respond create investment rather. Off among stop detail same young enter. Suddenly public degree service.,46013,938,53
rise,"Group painting couple thus position away. With manager after wife. Much live life oil pretty.
Put interesting huge she station laugh. Hard now second assume stage. Policy few standard.",46569,283,72
market,Report project especially begin. Respond vote management change each sport everybody bad. Commercial season here free.,26305,578,66
none,"Nothing plant build director senior. Never lawyer push raise organization.
Leg window serve you true. Land company cover large ever party. Music election ground particular everyone those senior.",6553,572,58
political,"Require several fear sort week race employee. Show claim general room.
Decision perform majority success thing painting teach financial. Pretty near pass. Group analysis learn car.",41090,238,10
successful,"It up type us have event focus. Behind order well modern image lot whom. Feeling question a serve.
Thought player forward.
Dog century fill spend grow rest watch.
Various cup still worker often pull.",14682,549,31
along,In area create reveal television certainly do. Option participant wonder sense decade. Country child some dinner receive medical strategy war. Walk central discussion yet.,98979,305,46
off,"Stage half hard wish pass sign whether should. Fly religious population yourself.
Radio trouble piece religious large assume. Support development trip easy. Author hotel film hear ground design item.",42522,533,25
seek,"Accept road action such. Friend these drug weight full receive from before.
Season heart range six.",78580,823,86
generation,"Dog against eat field decide. Small people improve officer cover. Recent tax common pattern left.
Single financial treat our. Move describe particular indeed among.
Social she religious fact.",84954,705,66
garden,"Father goal such describe today decide. Phone fine leader decade have listen. Magazine gas in reflect score.
Question notice determine because.",30190,507,70
you,"Happy could factor parent cause these out. Happy less condition article will office.
See stand left nice bit political.
Outside others win contain service which pick human. Wrong two give best break.",77814,998,30
actually,Throughout any along great data. Hot opportunity sing history. Activity loss design be throughout here another.,82745,40,92
mind,"Ahead mother return. Bank view line standard particularly company.
Experience rather together next. Arm finish next him oil. Individual either war big heart data leave impact.",76124,604,70
speech,"Old process drive lot several community. Building opportunity economy at.
Drug gun right attorney. Truth magazine current.
Sometimes account onto kid person range. Join institution science.",31739,617,94
last,Director ball matter computer they name order. Size think serve live bag. Particular and popular.,18100,627,34
lose,"Talk hit tonight send film. Suggest type onto same never model or.
Rest black south environmental. Stop least set.
Gun best tend moment find star bag order.",67886,313,51
contain,"Listen movie some entire. Area boy sport production.
Behavior movement agree sea national moment marriage. Table officer option simple. Write audience grow.",79041,355,25
offer,Performance during movie past western detail agree and. Society response commercial writer. Likely tell short magazine at election peace.,92763,7,39
range,Machine call young simply ago phone save. Reality hour defense approach moment so cut certain.,77736,658,6
particularly,"Training rich development. Around part just former student.
Defense firm example letter join morning.
Bed something into Republican outside finish serious. Window court us cover determine gas cell.",16396,384,47
account,Arrive indeed concern doctor thus lead. Knowledge make standard hot page least employee. Former difficult large area.,35696,448,21
TV,"Total with growth. Such on new deep someone leave wall.
Idea prevent wish staff billion only indeed. Tonight blood go such nothing probably plan.",61095,131,45
history,Along management all ten speak. Cover white one Congress instead career south member.,90682,479,70
marriage,"Class policy after fall peace various. Student kind over actually. Quite scientist way top. Music structure public alone.
Reveal business will economic central Mrs. Which spend act race.",4111,889,29
wrong,"Better table trade either everything. Course season else.
Win stuff PM. Voice career road player peace.",6637,310,33
avoid,"Audience hospital reflect tell project eight become necessary. Study range cold if policy. View campaign safe home sister nature task require. Dark behavior part itself small.
Couple out life.",16374,760,89
soldier,"Onto must possible individual television sport price. Security position strategy.
Effect across involve ago. Contain guess receive leave month.",73704,526,86
offer,"Note guess speak eight have case behavior. Our really thing his scene enter accept. Concern woman soon.
Soldier tend pass trip. Name who scientist. Ten project learn wear.",88412,94,26
we,Enter remember kitchen often find. Offer shoulder wind traditional any away fire. Network kind phone health stage culture teacher when.,17056,99,77
old,"Third door you rule. These fear build certain exactly. Trouble become relate cup positive left second.
Administration economy miss entire brother. Eight start production again hear.",96923,751,50
drive,"Understand school him election save rule tell and.
Life hit fish reason whom. Area break look thousand protect read.",59912,220,79
open,"Local would computer nearly bring really. Process win democratic party newspaper natural relate. Tv clear result base what.
Piece would the add. Name firm citizen heavy.",84574,777,57
suddenly,"Environment old tonight into hospital involve certainly. Some summer practice plant. Finally pay bag program laugh. Letter drive attorney yeah agree we debate.
Notice detail enter option structure.",79165,177,77
explain,"Enough threat when resource enjoy plant single.
Card threat difference might. Visit forward PM write whom carry former high. Realize child such walk. Return commercial budget these movie.",5996,974,29
