email,password_encoded,payer_cohort,first_name,last_name
holdendaniel228@example.net,*UQV_%Lp4%,early,Cheryl,Lynn
amy03491@example.org,(F_4z0Ex54,exactly,Ian,Garcia
hamiltonjose69@example.net,$&R8I4*q2U,them,Regina,Glass
veronica90853@example.net,t$582PwkKZ,Democrat,Stuart,Collins
lbullock463@example.com,&yRD^SKu7T,step,Steven,Vazquez
tommy25484@example.org,p$9AG7oi_X,story,Jillian,Martinez
pettymatthew263@example.net,1%)GPdI(@U,every,Tommy,Guzman
uwilson647@example.com,a^u$30Jy_w,population,Rachael,Joseph
brittany91998@example.com,hVwDHyim^5,indicate,Rachel,Pierce
laurie28330@example.net,_7YOFu!@!@,through,Tyler,Little
carol81379@example.org,(i%^VCdJy4,technology,Sarah,Tran
jonathanhansen743@example.com,R*2ttYdz5q,service,James,Burgess
trevinotammy755@example.net,!y3@WdG(a4,woman,Jared,Tran
kenneth46967@example.com,&0FTaeLj9A,Congress,Cynthia,Campbell
erandolph918@example.net,$@OspQ9Z5d,important,Stephen,Simpson
richardvargas259@example.org,+4$0Tbu!Co,institution,Renee,Hernandez
baileylarry163@example.com,g*85Y0aOor,who,Susan,Hurley
jodijohnson585@example.net,^05MUdw2#%,year,Kelsey,Chen
inewton102@example.org,$qCOAY4$L1,send,Kevin,Hall
qcohen804@example.com,&k$GxceYa6,north,Kristen,Gutierrez
angela01670@example.net,&MzR6JiWqo,remember,Richard,Alvarado
tbailey676@example.com,)e)+EHi9*9,camera,Jessica,Johnston
kathleen75685@example.net,P(2NrhTa%2,source,Jennifer,Manning
skelley245@example.com,)i92lUClHu,amount,Colleen,Clark
sheltontyler982@example.net,9&H_W@Xp&C,a,Jamie,Vaughan
tpearson665@example.org,cVRMn3RpT(,top,Melissa,Montoya
ashley12727@example.org,0X2U(1VnY7,water,Tina,Jefferson
jessica49943@example.net,D60sHwuw#q,present,Angela,Vazquez
douglasbrown70@example.net,C^jDy9Pw@2,others,Lisa,Sparks
pcontreras41@example.com,@4QvKOuby),reach,Lisa,Ryan
madison60109@example.com,P(U40Pqg)^,identify,Michele,Oneal
ataylor546@example.net,T6BhugS7$@,worry,Kevin,Fox
danieldunn487@example.com,^8J6DPyy)k,expect,Laura,Crawford
batesjason656@example.org,5ef1_Mv1&$,speech,Christine,Fields
josephmaxwell998@example.net,tXz!0V6yLz,site,Jessica,Smith
kristen16549@example.com,tS4UREIcJ),short,Jennifer,Porter
adennis841@example.org,)D05Kcc*7a,argue,Emily,Hawkins
christopher86530@example.com,Hi7MMlt#_t,tend,Amber,Dougherty
frank74101@example.org,f#1dU8vB_j,agent,Margaret,Brown
msalazar658@example.com,apA42Hvap),policy,Christopher,Morgan
rushjorge497@example.com,z7(9tWtjKV,different,Janet,Mcdonald
edwin14472@example.org,5$Q638Iw#x,common,Latoya,Frazier
donald60576@example.net,Ew^4(lHtM1,notice,Alexander,Simpson
lopezjoshua578@example.org,(4W$ppX(3y,order,Justin,Stone
kendraray606@example.net,(N*@Ecqa@5,exist,John,Walsh
vclark101@example.net,*4LQj%uopS,why,Pamela,Jones
thomaswilliams372@example.com,4UxUEExt(+,community,Kristina,Moody
conwaykevin12@example.org,5eGaXZzc#y,prove,John,Moore
ramirezdavid735@example.org,&dQYPynk63,sometimes,Drew,Davis
martinezmichelle357@example.net,q4smgZtk&H,trouble,Robert,Guerra
barbermatthew297@example.com,J1&iG9UhE^,future,Kyle,Zamora
morgan46407@example.org,N5$8O_mqRK,last,James,White
uhicks302@example.net,BG!5^lXpD),suffer,William,Martin
jallen326@example.net,m4WT5b&m(9,table,Ashley,Bond
bjimenez764@example.net,r6NU6C_u)4,center,Brenda,Owens
peggy75778@example.org,tA_HXwtv!7,including,Amber,Lopez
youngtamara559@example.org,q+RrkqJ#%2,reveal,Emily,Morales
lmendez173@example.net,&twHUxWn84,glass,Savannah,Williams
warnerchristopher266@example.com,RfQ_P5^i&6,attorney,Matthew,Roth
qmartin242@example.org,j70*Z+gD3%,course,Ryan,Harrell
mperry951@example.org,6!MNxRlS^E,necessary,Paul,Guerra
vvargas389@example.org,y_PV7iWuGb,pay,Patricia,Vasquez
hansenrachael565@example.com,!+8MZ%mk6^,then,Erika,Rodriguez
jacobstewart307@example.com,_QlF8LRk#@,look,Debra,Gonzalez
elogan676@example.com,!57wB0shWa,general,Tara,Moody
pamela10341@example.net,Nf9LFHdZX#,police,Melissa,Osborn
middletonnathaniel590@example.org,m48MTsCr++,subject,Daniel,Brown
mrichard700@example.net,_9FpiHWI_p,history,Robyn,Patton
walkershawn970@example.com,h8V9WSxj6(,national,Dale,Simmons
andersondebra929@example.org,!zKPn1KodQ,then,Kyle,Knight
kyle06852@example.org,#5TVu@Pr)i,career,William,Lowe
cynthia069@example.com,%&30ICMa@9,past,Christopher,Williams
sandersbradley962@example.org,8uBT(Omo@a,wind,Wendy,Miller
psmith106@example.org,&ep9KgraH1,why,Rebecca,Montgomery
daviscorey952@example.net,2_CMli$U@l,pull,John,Esparza
ahowell475@example.com,Y1PyKu7r_b,young,Christine,Flores
timothyrose155@example.com,%wOV^$p*4c,pull,David,Cooper
wayne67287@example.com,5cFOJtTs!e,general,Benjamin,Nguyen
smithpatrick661@example.org,qnReuHSx$3,until,Jay,Clark
fmiller714@example.com,qdZ%yza(*8,energy,Robyn,Campbell
ssmith437@example.org,^5n%q8dpdJ,meet,Kevin,Turner
csullivan376@example.com,h+2Q1Key^M,likely,Rebecca,Sullivan
katherine79911@example.com,3NKmPUrT$h,win,Richard,Freeman
gjoseph753@example.org,e35T#)T*!%,they,Tonya,Gonzalez
colleen23519@example.org,+M3oTn!hwj,design,Jessica,Carter
thomasstevens799@example.net,Th%f3OshMJ,claim,Yesenia,Melendez
tcampbell202@example.net,5oSSYASv_7,face,Juan,Thomas
dfuentes903@example.org,(vCyNDXt)7,take,Alicia,Jones
zwoodward349@example.net,^2zSG^4uN7,policy,John,Anderson
rodriguezvalerie141@example.net,X^4NF%Svla,education,Heather,Hooper
belljenna681@example.net,E&S0B56z^_,left,Kimberly,Lewis
brittneyboyle672@example.com,8b3#V%uz)t,turn,Peter,Le
zedwards229@example.com,IFAHRscA+9,dinner,Diana,Williams
qmorris909@example.com,)8wB!Emp&S,although,Sandra,Faulkner
sherryhart874@example.com,b8WDZoht)W,truth,Jonathon,Brown
evelyn14429@example.com,e!sR16Yi2y,whether,Amy,Reyes
nicholasgeorge633@example.org,^$78nVz)Gw,daughter,Andrea,Gray
ewilliams534@example.net,km(7Spcqe#,by,Patricia,Kelly
colleen68785@example.com,(U7OzAjbz0,second,Joseph,Hill
fmccoy981@example.org,5lNupzwU*v,common,James,Nelson
colemanlinda193@example.com,Wex18NJp&8,style,Amy,Roberson
james8927@example.com,a#3ZjSosc&,operation,Chris,Young
williamgreene465@example.net,wG%T1!8jv&,real,Jonathan,Welch
vnewton8@example.com,^o4MWROu*0,thousand,Cynthia,Lambert
robertssamantha197@example.net,!ZlSOURh&4,choose,Andrea,Morrow
barnettdonald741@example.com,X03Rwhec$7,discussion,Ryan,Freeman
vwaller162@example.org,!w9QsRBCS0,health,Kathleen,Mullins
petersstephanie567@example.com,Q7*3YU@e_$,include,William,Stephenson
klucas604@example.com,D+9doLchf#,ability,Adam,Mcdowell
simpsondavid671@example.org,V4TAYUFb#U,last,Alexander,Turner
ymendez919@example.org,#06%GR*qB+,remember,Steven,Nelson
johnsonkatherine125@example.net,z#D4Jyo_dt,consider,Logan,Thomas
kevinwilliams275@example.org,qNCbq*Jx!9,enter,Gwendolyn,Nash
allison27868@example.net,%^w0Q^sgjg,word,Jennifer,Gonzales
huangmark45@example.net,6TZf50BF&_,action,Margaret,Buchanan
jacobnunez539@example.org,@bcuzzVbN2,work,Elizabeth,Martin
michael54171@example.org,v!ET#oxy)2,structure,Nicole,Ray
john32314@example.org,^35I+tXsJ(,yard,Christopher,Newman
aaronsmith839@example.org,+D++8CTpHe,song,Robert,Collins
zhowell530@example.org,_NSNYglb#0,treat,Tammy,Randolph
roblessteven741@example.com,3IC8ATxKa(,environmental,Kelly,Herrera
angelica52337@example.com,_sWZ@u3O4a,see,Jennifer,Brooks
nmason800@example.net,4+@6&TAv!b,give,Thomas,Carter
hmorris234@example.net,E8_I4UBup$,we,Catherine,Smith
bankskayla132@example.org,!3lYclDvz#,appear,Timothy,Peters
sosborne107@example.org,B7HKufY_(^,key,Evelyn,Brock
stephen80527@example.org,%O0EZvDP*0,bring,Robert,Vargas
cindy2999@example.com,4(2W0HDtnc,keep,Linda,Sharp
nicholasking215@example.net,fz+In9PyYW,word,Emily,Gross
samuel93451@example.org,e)7P3MfP!7,politics,Luis,Reed
kimberlycampbell193@example.org,)47^UJQbiM,sport,James,Noble
zrivas281@example.net,m(g2CcItCl,hear,Richard,Gonzales
allisonwilliams551@example.org,(8KLuVSu2t,technology,Rebecca,Burns
ubenitez270@example.org,!52yKEIelg,happen,Rachel,Wilson
anthony28956@example.net,3I#VDx*s*5,sell,Christopher,Barrett
jessica42199@example.org,**8@%B0o1R,field,John,Phillips
mwest916@example.com,#WJeJ5pxr3,within,Melanie,Williams
jeremy1671@example.org,%E4a46VicB,increase,Kyle,Mooney
stanley86236@example.org,LS1^2I0r_G,least,Cheryl,Williams
rodney87146@example.com,Ymm4QqB$1(,take,Timothy,Martin
cthomas255@example.com,OmPDi+LH^6,end,Glen,Bright
ellisrebekah294@example.org,qS%0WBBqPj,know,Michael,Arnold
susan66623@example.org,U8qR4Vd9)5,yourself,Lisa,Bryant
hibarra933@example.org,is38BApn&y,treat,Jennifer,Smith
marvinwoodard723@example.com,*RLywhe$H8,other,Kimberly,Brennan
nathanreyes663@example.com,*E6Ecpy58),item,David,Hartman
nreyes323@example.com,gl^8!WEox!,want,Mackenzie,Mcdaniel
dmiller502@example.org,n14XkQG4)o,without,Paul,Lucero
shawpatrick45@example.com,zDT1F*Vur^,fine,John,Santos
cassandra39203@example.net,Hz9^_DVd&7,human,Jonathan,Savage
smithcassandra623@example.org,!9+*oAbDl&,great,Zachary,Spencer
whitneyparker360@example.net,AQmS5Cen*R,player,Denise,Campbell
kmitchell256@example.com,18OERhqw%a,protect,Heather,Moore
donna36567@example.org,b8GAKllX@y,here,Joshua,Thornton
martha76297@example.com,T25Ba_kl1+,quickly,Michael,Wells
josephjones833@example.org,2v5wT+Dv*y,leader,Rachel,Moss
jatkinson804@example.com,3r&^A4McYi,serve,Donald,Brown
sheltonkimberly628@example.org,o!7&+TkeoL,each,Rodney,Wise
ronald85140@example.com,(k3xaqYsB(,democratic,Leah,Hughes
breannaperkins698@example.com,1EcsRvAo(n,bring,Diana,Espinoza
ohendricks260@example.org,80rtCihd@D,culture,Jeffrey,Thomas
ljones939@example.com,v5MSbpkJ+S,bank,Michael,Pope
davidschmidt69@example.net,b0^OWRX9^j,season,Angela,Esparza
vanessajacobs820@example.com,f%26Ghge%F,I,Linda,Roberts
lopezaimee665@example.com,^1SZqwt6Uk,recent,Ryan,Larson
reedbrian77@example.net,AE_31IPuHf,against,Joseph,Diaz
tpeterson217@example.com,9x%8VKls!Z,almost,Bethany,Green
veronicaburton420@example.net,^2A6SzlC#l,hard,Heather,Williams
bellrobert144@example.net,@R37U2TlQD,real,Jimmy,Miller
roy49858@example.net,0t65UI2n(0,full,Jennifer,Bell
bruce06587@example.org,G&IKu5EzrO,three,Shane,Hinton
hobbsthomas15@example.net,D0R2)81q_t,camera,Debra,Gallegos
karenlee927@example.com,r1k3S$nwb+,deal,Steven,Parker
ehampton17@example.com,#B62M8j+(v,people,Michael,Brock
hillbrian692@example.com,b+0C4(oN9d,each,Sarah,Thompson
laurasmith995@example.com,^2bDMPcGxC,theory,Scott,Lee
ihudson381@example.com,&Te5Ywl)HI,light,Joseph,Giles
iklein838@example.com,%Xi0Bth_!),discussion,Kathryn,Cobb
nweaver561@example.com,%t#BTwFfa9,group,Erik,Wright
johnsonchristopher758@example.com,+7wTnfklR6,morning,Robin,Harris
fgrant78@example.net,GnQ83TPhS*,include,Ashley,Maxwell
loretta89565@example.org,BWD)kwC6$9,talk,James,Hernandez
xobrien207@example.net,HzQ+G)ke(1,career,Jamie,Brown
stephen97846@example.org,9e*bIOjJ^B,wrong,Norma,Clark
ostewart531@example.org,3)Q2TIFcM7,more,James,Bowers
brittanyhill331@example.net,Q*H1YgomYz,three,Donna,Newton
reyesvalerie772@example.net,Q26XsG5sQ$,impact,Robert,Ramirez
dlopez147@example.net,&hGSLJmri4,none,Debbie,Bell
ajohnson63@example.net,96AUczPj!D,shake,Wendy,Proctor
tflynn725@example.org,+4FHeoYL$a,ground,Lisa,Stewart
leslie41717@example.org,3Vu&c#nG^9,store,Thomas,Wilson
eric76702@example.net,sX3L4k^e2!,my,Nicholas,Thomas
ramseydesiree361@example.com,$iX3QoLo1^,manager,Tina,Robinson
tgomez819@example.org,_k%9FMGpVT,end,Miranda,Norton
abigailwhite818@example.net,7(YIROos+r,in,Melissa,Brown
jonesmary57@example.com,jNn_F8Wu40,each,Billy,Ford
hansenlauren194@example.com,_^8d5QkkoC,friend,Katelyn,Guzman
haroldklein668@example.com,R5M8DdVH*V,truth,Adam,Baker
shunter579@example.net,94BVQipZ)m,discussion,Keith,Jackson
sarah52569@example.net,NnK1lA9t7!,whether,Paul,Jones
michellesolomon118@example.net,^B9M7zy!!M,road,Connor,Abbott
pgarrett1@example.org,+draTUust4,believe,Christina,Tran
lawrencewilliam692@example.com,6I_PCRvf*d,street,Emily,Bowen
catherine65548@example.com,x(E4I6t0ZV,study,Tanya,Bennett
adamsbenjamin794@example.org,94Ec0LTfP#,country,Tamara,Oconnell
susanlee894@example.net,2SG6rpGg^3,probably,Richard,Lopez
zacharyflynn954@example.org,7P@THg#d#i,provide,Nancy,Escobar
hortonabigail188@example.com,T)T5E4)a*c,three,Jill,Thomas
smithsandra756@example.com,5o4SIDH9)g,say,Sierra,Riley
bmckee546@example.net,2h8L(R3v%C,foot,Nathan,Snow
lamjames776@example.net,*09HhmNpMK,deep,Catherine,Taylor
glasskenneth810@example.net,)+ap2EMgsq,idea,Carolyn,Carter
jamescarter247@example.org,O7QnJ4Ha$I,dinner,Ashley,Small
randy68833@example.com,#H1BVgqh^G,land,Mark,Patterson
kevin00359@example.com,FwL2SeYn%*,society,James,Alvarado
ithompson380@example.org,YK$h)2Pxfs,world,Sarah,Wilson
nmcknight998@example.org,)d5+9yWyOh,church,Christine,Richardson
donaldsonjessica414@example.com,_T19HQksw$,friend,Elizabeth,Taylor
danaalvarado710@example.org,5E+S1Jusy),enjoy,Kevin,Castillo
mlee644@example.org,w*_4Bw)tH6,billion,Susan,Sanders
jeremyrichardson535@example.net,#_4UA(_kol,poor,Kimberly,Moody
jenniferhart0@example.org,+66&ScQs5q,those,Robert,Hull
sarah71934@example.net,C%2)w5)reN,physical,Patricia,Cameron
zbrown726@example.net,b6JtINch#F,scientist,Lorraine,Martinez
micheal34692@example.net,q_QF4qBv#7,time,Michele,Hancock
martinezderek392@example.com,oEkf3Wb#k+,example,Norma,Moran
gregoryharper26@example.org,X0A0%CWo&Q,arm,Brittany,Higgins
andrealee363@example.net,!2Ts$Pnhr(,cut,Corey,Pineda
tracynguyen498@example.com,!YzYNEPnW0,begin,Edward,Williams
matthew69468@example.net,&*H+lDi$6r,just,Savannah,Espinoza
ocortez51@example.com,7ih3UHlXN^,question,Adam,Woods
courtney17518@example.net,(jUYQGmEZ1,computer,Tyler,Sloan
stevensmith845@example.org,&dvCGs8j!7,crime,Nicholas,Mckee
mark42237@example.org,&ZARj#Jxi8,station,Kelly,Estrada
rparks942@example.com,u4zCDc$d%a,sport,Amanda,Clark
collinsian124@example.net,u11oEVJt)r,production,Mark,Cook
silvasuzanne897@example.org,Dk79EfMrl^,rather,Crystal,Robinson
ptaylor33@example.net,j&491&LdJD,last,Andrew,Watkins
edgarscott442@example.net,fa0BDpDos^,get,Heidi,Rogers
qdavidson199@example.com,fYlg2aXeA$,program,Melanie,Silva
jthompson40@example.net,8PxVqRVi!(,nearly,Anthony,Brooks
sherrytorres454@example.net,_1QcJi5s#),job,John,Wyatt
deborah82832@example.net,Q!7Aq2HJgd,add,James,Burns
jrogers707@example.org,AY35pJuj+b,much,Michael,Gregory
ksmith4@example.org,er35zCgo!E,owner,Elizabeth,Martin
webbamanda465@example.net,i#V4Bj!AoE,agency,Kathleen,Williams
beardchristopher86@example.net,&^3WS0rf@G,trade,Kathryn,Reid
wporter570@example.net,H(rGBdwf_2,expert,Maria,Roberts
thomas67573@example.org,*b5+YFwDv9,fire,Ashley,Drake
vbauer459@example.com,Y!1HkxabWy,happy,Margaret,Mills
gmiller693@example.net,SR6(U_czJ&,stop,Eric,White
cookscott389@example.org,!PgmY1IOl2,commercial,Emily,Wood
andrewjones236@example.org,%07BBmfZsw,reveal,Christopher,Carter
frichards23@example.org,3PFcMWkh@6,baby,Amber,Simon
jonathanfrazier666@example.net,ebNbbNbd)3,method,Jodi,Johnson
manuelwashington5@example.net,4QsC&8Ec3H,up,Kelly,Bryant
dking706@example.net,_6)MXDfb6h,situation,Steven,Chen
bmorgan362@example.org,D%$2Fj)^zc,fill,Linda,Nguyen
gtaylor967@example.net,3%_3hDwAz%,and,David,Reed
david25344@example.org,ES4E^6k0&4,than,Danielle,Escobar
kathryn44201@example.net,UQc2rzvFn@,chair,Madison,Becker
ecardenas874@example.org,HF3BjulQ%2,event,Jermaine,Montgomery
philip04344@example.com,z7Ty4B^ga@,heart,Jessica,Cox
linda24804@example.net,_Q0^%Pxeb5,could,Alison,Keller
kara01581@example.com,_3!1Xg*m&r,professional,Melissa,Owen
ewingjill30@example.net,_MIb$+vNB8,seek,Sandra,Lee
joyorozco819@example.org,!7ZQTKhLrm,writer,Karen,Mcfarland
carterashley969@example.com,k3z3AmGq%Y,yes,Brianna,Woods
gonzalesnatasha737@example.org,j6Ae6!Ri&4,yet,Theresa,Foster
yvonneoliver451@example.net,kZ$s4Vm2!),behavior,Emily,Jones
plewis198@example.org,w)wB6OVe@6,many,Hunter,Phelps
moranpaul784@example.com,_YOkDzxa77,first,David,Morrison
laura47420@example.com,u&6C9jgn_8,order,Adam,Barrera
odavis651@example.net,%5OfKKR4qB,grow,Michael,Diaz
chelsea62422@example.org,_QpEw$j(!8,foreign,Robert,Sullivan
lauren30490@example.net,&37$aSlcsD,seven,Anna,Wood
josephboone225@example.com,+qLIT2DF%2,mouth,Brian,Dickson
durhamkathryn395@example.net,e1b%Rso4%S,deep,Chelsea,Hogan
thomasschroeder630@example.net,w72KSHW8+Q,shake,Zachary,Williams
dfowler834@example.net,(qVW+74f76,along,Allen,Goodwin
moralesashley68@example.com,bj0zZc+eL%,ten,Marcia,Watts
mark42547@example.org,gZaao1Fh%2,onto,Ashley,Mcmahon
watsonnathan400@example.com,twa@18Gi0P,weight,George,Gonzalez
jherring95@example.net,c7XAbB0w%m,tell,Teresa,Preston
christianrose134@example.org,*dzp8MzSn+,face,Damon,Rodriguez
beckerjennifer480@example.net,)DkUoTf)^7,allow,Jose,Yang
claudiadavis984@example.net,M_W4YQStnE,star,Alex,Hall
curtisbenjamin886@example.org,+mKk8FvhFW,west,Russell,Walker
terry4838@example.org,!T(I6C&f^j,hot,Wendy,Jackson
deborahbenson636@example.net,s7wqQCKV^J,strategy,Steven,Noble
millerwilliam191@example.com,I)5jwVhhOg,well,Peter,Robinson
johnfernandez405@example.org,I5H7osAt*d,protect,Desiree,Harris
stefanieknight535@example.com,a+Q6p3Wuu@,hard,Jennifer,Terry
ucastro926@example.net,9Y8bFJPg&%,during,Amanda,Lee
christopherpitts861@example.org,_8t9OpwLmY,improve,Maria,Elliott
christophersoto946@example.com,*UTzLbC85n,any,Angelica,Morrow
qcook258@example.net,PjGr2MiNw$,day,Nicole,Porter
christopher97273@example.org,BI8OrDgTi^,particularly,Casey,Chavez
ljones410@example.org,OGPPimqp@3,American,Ivan,Knapp
brittanydelacruz754@example.com,L2^9AWbb*Y,father,Johnny,Perry
harriskelly934@example.net,%b(6GqCk!2,win,Pamela,Cooper
gregorymckee924@example.org,*4HFEzcdgo,body,Kristin,Henderson
paul27601@example.org,Ze2_Bbyo)Z,gas,Roberto,Cortez
jtaylor17@example.org,B)*J4aQj*9,off,Jennifer,Moore
nhaley22@example.com,^%7B(XxAAy,imagine,Molly,Bell
clarkjason677@example.org,%Se7+Bjc+7,inside,Autumn,Roberts
walter71818@example.com,72N(p6Gf8H,quickly,Toni,Richard
sandra53335@example.org,uc+@Vc(Q@0,blue,Debbie,Holland
carol02869@example.net,Q6Ud^KgX)8,another,Corey,Moore
davidbauer894@example.org,!+8Rw*VZhi,free,Daniel,Wood
jmorse549@example.org,#2XvO)vmHc,blue,Patrick,Villa
alexanderlewis598@example.org,)tx)i1SoKs,recognize,Crystal,Hayden
cannonamber692@example.net,Mn(3^IWfbS,red,Larry,Martinez
johnsonkevin23@example.com,*v6*uJg$cE,amount,Patricia,Mccarty
michael28918@example.net,1i4Ao#^J*B,activity,Rachel,Smith
roachadam725@example.net,_w9Ak%Dp&y,think,Natasha,Mason
amandawilson594@example.com,%uEJC@!ln9,pattern,Leonard,Martin
hernandezluke354@example.org,^FCPKczY1g,reduce,Erin,Ramsey
lklein702@example.com,&3g%^PkR@O,place,Nicholas,Myers
irussell568@example.org,w4wNXCWm&L,happy,Timothy,Olson
thomasthomas47@example.com,)mjlHLOi4G,maybe,Charles,Barnes
mbeck411@example.org,2qL##Blq@4,go,Richard,Burton
anne3221@example.net,^No%BzfF+1,speak,Dawn,Roach
michelle15178@example.com,zbDBl0xz*2,national,Joy,Wright
wobrien932@example.net,^*16$cCy34,run,Zachary,Good
belinda79206@example.com,S0#f7QvIeM,eye,Lisa,Jones
shelbyweber570@example.net,$pnHJTv7z0,field,Curtis,Aguirre
christina93887@example.net,Ug4IuERp@5,candidate,Julie,Miller
marytrevino551@example.net,^yciOCRi5Q,throw,Matthew,Yang
mhicks195@example.net,)5QzxVZHqo,try,Charles,Strong
sheltonjoseph222@example.com,$9R3ZxnrJ8,until,Sheila,Brown
jesse00190@example.com,Gx(aXdsH!6,rock,Brenda,Diaz
davistyler390@example.org,Z*N3(Quyt$,kid,Lacey,Ford
paulkramer929@example.com,3hFqfOj^)D,soldier,James,Sullivan
uwatson536@example.org,0_9tQE2w+1,and,Shawna,Johnson
jbrown19@example.com,jKiEUud%%7,into,Gregory,Shelton
earlrichard439@example.com,8$8!6Ezra_,page,Michele,Wilson
donna46248@example.net,(6xyc3Ef!N,method,James,King
dominictapia910@example.net,P^R7E&QslB,guess,Janice,Mann
morrisluke764@example.net,P1BB_4Vm9$,reason,Adam,Garrison
gayedwin802@example.com,!94J6xs)U#,serve,Ryan,Espinoza
millerscott200@example.org,ba@PD4*8$6,west,Judy,Howell
pvillarreal594@example.net,yed%5E)QF(,range,Bryan,White
rebecca34814@example.com,(+0xKd_dIZ,avoid,Eric,Stafford
borozco462@example.org,(SLu1UCupT,newspaper,Tracy,Proctor
lee10240@example.net,E)60NpeWx7,hair,Samuel,Levine
acooper599@example.org,L*+c8LBs50,customer,David,Baker
stephanieturner979@example.net,)BbCqXalZ5,defense,Bryan,Little
laurastout473@example.net,(P9u3NqCF1,and,Martin,Holmes
kdavis184@example.net,%6SyL+78Ro,thank,Daniel,Colon
tina96939@example.com,*VwqEx6jC7,standard,Kerry,Bright
elizabeth23927@example.net,V936TKJz!#,hour,Linda,Smith
sancheztracy347@example.net,!z9B1GOgFB,series,Megan,Garcia
james47800@example.net,^m5BupsSO*,professor,Brian,Barber
walkergregory176@example.net,Tp#2aVOy1&,middle,Shawn,Myers
leonardtracey610@example.org,26E1Mk8A$9,sense,Brenda,Nguyen
tyler08722@example.org,9sC39RJx)$,current,Luis,Cardenas
wanda36312@example.org,f4Mu^Icj@a,learn,Valerie,Sexton
royle181@example.com,_3_wMRg5s&,arm,James,Melendez
christopherdavis754@example.org,IX9UVrIa*t,everyone,Jordan,Smith
ingramtimothy949@example.org,J&7&#ZpHbh,price,Jasmin,Perez
floresamber140@example.net,F#s6LFq57Q,cultural,Joseph,Brady
michael47525@example.net,v_8#RO9rWZ,read,Matthew,Jacobs
ugreer971@example.org,KB9aKyjv3_,him,Michael,Smith
brooke15264@example.org,($f5sPJmVk,able,Eric,Johnson
jamesbrady647@example.net,$5pBk6Ao9h,word,Maria,Hughes
qcarey872@example.net,XV1LcHhr+D,season,Lawrence,Meyer
matthewtaylor288@example.net,&rUSUj7p)9,sense,Michelle,Parker
beltranteresa723@example.net,YQSGjIQ+*0,nothing,Paige,Glover
btownsend737@example.com,HG4RLcLhZ@,cell,Sarah,Green
ashley78208@example.com,*gM8NXGl!b,almost,James,Frank
katie43900@example.org,ed#_5F*cu#,poor,Ryan,Roberts
adkinsmarissa36@example.org,lc9GieMe%2,base,Victoria,Gaines
prestonkenneth103@example.com,v%O9EcKe2R,vote,William,Rogers
tthomas322@example.net,(Hk!6VoTm2,huge,Karen,Mcbride
monicabrown973@example.net,B51Ok8uH5*,soon,Elizabeth,Coleman
ericrodriguez729@example.net,R0Lny)k5^6,tell,Ashley,Irwin
ccox745@example.net,7(nsQ+Cs)D,range,Brian,Williams
sophiarobinson673@example.org,H5WGeFv%_0,I,Lori,Wright
debra59652@example.org,)Ea#SvHd91,main,Jason,Rodriguez
pdixon317@example.org,%9+zFPDhfk,visit,Richard,Johnson
moorescott153@example.net,2_Y3VSGi(H,quickly,Elizabeth,Guerrero
gwest664@example.com,)Cm1VNmV^C,picture,Destiny,Weber
melissagarcia743@example.com,P500Pt#z&j,him,Victoria,Jones
russellmoore714@example.com,&gv#Z*sk5K,number,Melissa,Williamson
tyrone11889@example.com,#!+6NFwe0a,reduce,Rita,Anderson
vickiemiller933@example.net,w54WR_da&Z,wear,Ruth,Bates
rhodesmarvin511@example.com,@IqCoYlzL5,hold,Dana,Briggs
gomezkara309@example.com,2D)P6SFhJd,agree,Angela,Vasquez
jbishop779@example.com,&odngHMZB8,opportunity,Arthur,Woodard
billyanderson308@example.org,F0(XBeUx#f,not,Tanya,Reynolds
jerry91629@example.com,_f8CNDClKN,few,Ashley,Carlson
sherry0359@example.org,$1Zn1Uheh+,crime,Melissa,Woodward
kjackson858@example.net,@qwDXCxtu4,it,Ann,Contreras
scottvictoria20@example.org,@Vf^6BLgB5,health,Alyssa,Massey
alan52865@example.org,^935@TQjQm,wrong,Diana,Smith
jennifer69358@example.org,%s)JtJV403,little,Latoya,Werner
uramos953@example.org,%tD6QFvlXI,thousand,James,Robinson
mcbridekimberly148@example.com,#D0WrcfEe!,yeah,Christopher,Hoffman
parkerdiana382@example.com,D#60%wvroC,next,Alexandra,Martin
heathernicholson579@example.net,C+4D_Z7djI,yeah,Joshua,Gomez
harperlaura633@example.net,@NG7YZxqg&,those,Kelly,Brown
melissa99480@example.net,1D2qGRv^*%,real,Colleen,Booth
davidsanford69@example.net,E%2CZ@3!Lz,newspaper,Michael,Wright
khill804@example.com,8D++wWCm$b,smile,Cheryl,Sullivan
ysmith237@example.org,A@t4VRwoVD,material,Debbie,King
rcoleman243@example.org,M!1&ML3j9h,factor,Steven,Schultz
vanessa42960@example.com,(qA8Cpaf*x,rise,Monica,Dickson
tbush778@example.net,F^A6AX8ndq,ever,Jeanette,Pruitt
jessicaharris106@example.org,ZYZ0DKPl#b,forward,Misty,Lloyd
nashjill228@example.org,KR8V_BRz)1,drug,Nichole,Travis
brewernatasha973@example.com,P#Y5&HxY_V,somebody,Kimberly,Pratt
adrian840@example.net,H+2B0cMo^^,worry,Vincent,Krause
kelleydeborah731@example.net,*vZ5dtC^*2,site,Michael,Morales
heidi75334@example.org,j(gn40XoqQ,so,Joseph,Sanchez
santosrodney919@example.com,6k0CPsQ$)E,receive,Justin,Yoder
tatehenry756@example.net,%pVGdBczN6,goal,Brandon,Gutierrez
huntjames854@example.org,%2B%_z%lmx,whose,Sydney,Kent
santiagobeth49@example.com,Ky4ApZ%o^5,look,Mary,Mills
fboyd709@example.org,f*017nLg*J,blood,Linda,Rivera
melissa74350@example.net,N)V9TiaAt_,plant,Spencer,Keith
natasha03898@example.net,DyevFRE6_7,near,Dawn,Garcia
riversheidi656@example.net,^S7CYxxh4+,property,Stephanie,Sanders
chanjacqueline536@example.org,Kl$0PKvF#D,last,Rachel,Barr
josephstevens350@example.org,d15Wsgjk!3,life,Michael,Navarro
burnsdanielle181@example.com,y&)7E^ZR+r,country,Jonathon,Cooper
obennett830@example.org,*7UMI(Zxm9,student,Michael,Brock
rsmith210@example.com,#%71c6DUmb,everybody,Andrew,Tucker
christian6930@example.com,_aVlr+zrj8,husband,Faith,Williams
joshua82737@example.com,n%^e82Jc+L,make,Gregory,Barry
cherylchase440@example.com,^P7c8hDliv,real,James,Hubbard
kathryn38749@example.net,fW02UrCj1^,whether,Kenneth,Burns
williamsgilbert873@example.com,c)$2Evt8_r,learn,Michele,Jones
tarajohnson849@example.org,p#0SUiGuLQ,agency,Paul,Wagner
tracy58221@example.net,!C$uWc2bd8,knowledge,Samantha,Brown
lonniegates932@example.org,(40ZM%nuu(,only,Jason,Monroe
amberguzman676@example.net,htF9VrHki%,both,Melanie,Watkins
wendy44635@example.org,!9Pgr$__KJ,staff,Catherine,Lewis
cassiespears462@example.com,xF__O9YeAg,this,Gary,Russo
guzmanjames931@example.net,Fn09jFPf$X,institution,Lucas,Keith
alexisgutierrez624@example.com,Bv87JpFay(,kid,Jonathan,Alexander
rubiokimberly762@example.com,@V4UmlRO%3,high,Nathan,Fleming
chapmanjustin785@example.org,+Y7B^@JoD_,skill,Adam,Little
elizabeth02213@example.com,_pID2XxiB9,it,Adam,Perez
angela78723@example.net,g!5fBUhll*,law,Becky,Allen
lemeghan608@example.com,$Gp8YGg2h$,little,Katherine,Hernandez
antonio03261@example.com,%07kPsmkKu,ever,Brian,Hall
qfoster601@example.org,&8XquM^&J2,run,Jason,Smith
larrylee279@example.org,33HcVqlx*r,report,Heather,Preston
stacyhall97@example.com,l*9uSl(6Oq,along,Samantha,Diaz
nsmith547@example.org,A%6L2XLHln,positive,Amanda,Conrad
amandacox530@example.com,w$9V_Ru)7A,determine,Jody,Garza
keithpayne108@example.net,q3uFzfvN+z,sit,Alexandra,Davis
tracy3788@example.net,Pen1@ARoo!,several,David,White
rsherman267@example.net,Su57LCUvx*,rate,Michael,Nelson
mary18827@example.net,RcWIDRf_^5,cold,Connie,Mccoy
kevin21287@example.org,mb81UTfl*S,newspaper,Melanie,Herrera
david13905@example.org,^$6EBUe204,man,Lauren,Bowen
tylerwall364@example.org,!6HMXgdj!a,laugh,Tanya,Moreno
dudleyjessica419@example.com,(GRk8nRee3,evidence,Tim,Lee
rjohnson681@example.net,WIQ*L8CzOC,certain,Tyler,Greer
wrodriguez887@example.net,)3pRiugc@T,throughout,Paul,Martinez
erinnguyen629@example.org,(EWY05vot3,decision,Zachary,Pollard
campbellnorma521@example.org,Ndl!62GldY,southern,Cynthia,Jackson
brittany80133@example.org,D+4nU1eDkJ,material,Bryan,Robbins
jackie47282@example.org,Z)x9+Bmm_Y,prevent,Nicholas,Nguyen
cynthiasims421@example.net,Ns2%5UmOq$,president,Cindy,Stanley
baxtercindy410@example.net,)S4RSkG(LC,cup,Michael,Ray
hernandezwilliam78@example.org,9ER+pvZh$#,class,Jacqueline,Henson
bcaldwell961@example.org,X6+T4Vdm)G,center,Madison,Beck
scottjennings918@example.net,v^(j5T7xXy,these,Caitlin,Lopez
deborahwatson647@example.org,r!8dX(etLj,form,Madison,Gray
cynthiajacobs287@example.com,+sjB*Hhjn2,listen,Robert,Mills
nanderson959@example.com,*8tMyfBsYI,professional,Larry,Huffman
josevazquez861@example.org,&6#2oCEwgZ,product,Rebecca,Daniel
ifernandez885@example.com,*Y8oZg#G5o,set,Rebecca,Garcia
edwardmorrison724@example.com,eX+8H^ai*V,success,Chloe,Thomas
miguel24686@example.com,G!8pWDr5FK,star,Chase,Brown
elizabethking19@example.org,@8W!s3KlBv,opportunity,Joseph,Parker
brodriguez683@example.com,3bT5KvqE5),back,John,Booth
awright135@example.com,eJU0bCdt@4,within,Michelle,Rodriguez
lcain21@example.net,^Q+^1XsAF+,important,Seth,Washington
swansonbrian39@example.org,i&5&LKgVxw,serious,Joseph,Olson
olivia48541@example.com,8l3N)zwi^^,return,Nicole,Perry
lisapierce28@example.org,T0#*2Wy1nl,read,Andrew,Harrison
marymack794@example.org,S_3XLn%lO2,behind,Ronald,Pearson
boydcourtney116@example.net,&8LKdXvSTC,hand,Kaitlyn,Shea
amandatran691@example.org,A!6A7Vn^FN,be,Joseph,Crosby
christopher90615@example.com,U7+TrXHC#9,fish,Alexandra,Wise
rhonda37172@example.org,(a@IMZcpb9,couple,Cynthia,Franklin
imoyer431@example.net,y(9Wpnqug),inside,Nicole,Johnson
richmichelle528@example.org,8qWWCO6D^4,early,Victor,Roberts
russoemily823@example.net,2x%8NDkcTy,organization,Valerie,Cole
smithlaurie189@example.com,9(No#wNu%c,goal,Cindy,Lee
sadams805@example.net,w4uDWbKl&W,senior,Maria,Howell
qmeyers636@example.org,7eiYWW(S_1,property,Melissa,Smith
johnsmith579@example.com,YCy%35nh+),often,Elijah,Cochran
robertsmichael237@example.net,T+l4)VvQFf,leave,Kathy,Weeks
rodneypruitt162@example.net,*nm5CxY09d,can,Miranda,Stephens
elizabeth02316@example.com,vq7MILk!(%,want,Randall,Francis
charlesrubio247@example.com,5&wEHFXx)_,seem,Nicholas,Ballard
kyle92617@example.com,#_7alVdBAI,outside,Timothy,Meyer
parrishmorgan708@example.net,H*(u0Iskfa,fight,Sarah,Wilson
brenda13906@example.com,(x7JdjUkc9,bed,Troy,Johnson
bruce94404@example.com,A&2T!Dnm&u,hit,Jerry,Mcguire
sonia41537@example.com,!8$iNqExsQ,recently,Yesenia,Castro
matthew73543@example.org,C^$nrtOaw1,international,Justin,Barton
nwong96@example.com,r*kWU#9U^7,participant,Derrick,Craig
ufields580@example.com,!_2WFaYE&v,single,Samantha,Fields
egibbs391@example.com,)q1SNDe@iM,list,Cheryl,Tate
mary74262@example.net,@Iv2iIKg$_,same,Jonathan,Johnson
katelyn26665@example.org,Vh4No7Ny(J,listen,Steve,Webb
lisa24167@example.com,VFrz6Aaen_,involve,Michelle,Bennett
dianegonzalez297@example.org,2dGWxjz9!t,whose,Kaitlyn,Savage
mooremadison889@example.net,Is6%UFGn#l,health,Marvin,Gilmore
brianhess979@example.net,#w6zRVpwjP,who,Jason,Gordon
chouse110@example.org,(_7yQ6dh34,smile,James,King
meagan41922@example.org,*5NFN7V$j0,seat,Arthur,Thomas
christopher3647@example.net,_0K4DLwsXT,imagine,Martha,Ferguson
emilysullivan836@example.net,52AGAJvf_k,company,John,Hancock
roger90868@example.net,ok4HMx18#v,who,Justin,Yoder
fflores42@example.org,#66+0Xmh1l,then,Shane,Thomas
amy01782@example.com,Z2Rnw0r&_L,toward,Meghan,Golden
candicedaniel323@example.net,V1Ua7XhK+S,ok,Tina,Lawrence
michealcohen248@example.org,62pPq6SA%J,on,Melissa,Lee
samuelerickson867@example.com,B!5Az@bzMj,interesting,Douglas,Horne
jameswagner366@example.net,+uLJtJ#Oc5,popular,James,Massey
andrew7162@example.com,G&1Cv@gL^4,issue,Mark,Mullins
pmccarthy648@example.org,465Tgnz!@a,artist,Brianna,Watkins
jennifer10703@example.org,F)7CDNw#1d,long,Ashley,Williams
wrightamanda989@example.org,64fFY0yU@j,perform,Thomas,Tran
raymond18924@example.net,Cn*wn4S!!%,state,Ricardo,Baker
jessica71740@example.net,6jPa8wdJ!%,so,Meghan,Frazier
jennifer43827@example.com,$Nhy$hc9I8,now,Mark,Schultz
sheltonpaul203@example.net,(h9IyD05C(,dark,Calvin,Beck
davidanderson815@example.com,z4IR2ip#@f,none,Leslie,Murphy
amanda59264@example.org,Wr1WtlFO^I,receive,Rhonda,Wood
ddavis244@example.net,fef_74Cg+6,learn,Jeffery,Thomas
mollywilliamson475@example.net,+M)0DIUc(I,instead,Jennifer,Gonzalez
debra43754@example.com,TLS39*Tw^5,future,Robert,Hall
srichardson900@example.org,3*4Kkgg_Ko,ever,Sarah,Young
angela5538@example.net,@NoYGrtFA4,final,Danny,Garcia
blackburnnathan787@example.org,2n8Sws+C(u,what,Jeremiah,Kelly
zrivera516@example.org,#$AsNy30g7,charge,Sheila,Keith
kellyhernandez875@example.net,$_@3CTo*%U,fear,Brenda,Franco
thomasjohnson637@example.com,WI&2Vjyn^v,international,Jessica,Guzman
sgreen878@example.com,S_56p*BntJ,rather,Keith,Gibson
munozshannon420@example.org,&6MRzp896I,job,Travis,Coleman
baldwinjeffrey73@example.net,AB0Q9Cwh@m,everything,Shannon,Roberts
jknox362@example.com,L67xDFib^9,food,Jill,Peterson
scottpreston772@example.com,+L6yvifyb2,stand,Lauren,Duffy
joan61402@example.net,65EhKFj4%l,own,Margaret,Wright
jillgoodwin746@example.net,!r^MCbLww7,cell,Brian,Mcclain
marshtimothy214@example.org,&G0rkV@cMB,interest,Timothy,Steele
parkerdavid922@example.com,@rOjzJYu92,suggest,Julian,Mejia
whitakerrichard499@example.org,uZuI@Tt@&2,administration,Angelica,Carlson
lromero537@example.com,n!fd7KgQR+,mouth,Tammy,Morgan
delacruzbrian117@example.net,#_a1RnxMCv,price,April,Johnson
umccarty1@example.net,9V#7GsrqSe,require,Amanda,Barker
deborahclayton560@example.net,(1&S@SqL#u,threat,Christina,Miller
qmartin770@example.org,^4lH7UCpMa,Democrat,Eric,Hart
agarrison842@example.org,i)4SLKJm9%,stage,Linda,Lewis
bhenderson519@example.org,8QX4+Goj^O,yeah,John,Powell
webberica700@example.net,_(0)5IimTf,manage,Darryl,Weber
melissamurphy799@example.org,K@7*sP*)xq,these,Joseph,Morrow
adamspatrick872@example.org,$oASnaF(0V,opportunity,Melinda,Douglas
deniserivera132@example.com,CBcQRKvA$9,challenge,Adam,Hughes
monica37680@example.net,p$Gvk1Sfp*,PM,Kenneth,Eaton
gibsonvictoria441@example.org,9J@e4NlK^X,fish,Mary,Olsen
adamsphillip138@example.net,5_8VmNU2FD,hair,Erica,Weber
andreamorales689@example.net,Mz5XbSf$U_,perhaps,William,Duffy
cobbdavid32@example.net,lhWI7DVgl(,run,Diana,Jones
omurillo50@example.net,^L5X1FkX+u,window,Derek,Gardner
mark30747@example.com,*6Gfmjsg_D,voice,Jesse,Jones
ugardner27@example.net,*k8QPwe1dz,let,Michael,Hawkins
brendadavis733@example.net,Br4vKqNax%,security,Kevin,Ayala
alyssa47353@example.com,xH76oFv7)D,charge,Karen,Gonzalez
danderson932@example.com,f81R5Vxz@C,nature,Adrian,Carson
charlescruz986@example.net,(7v2TUIr%A,marriage,Alyssa,Owens
katherine54981@example.com,)4fFxgF!kt,necessary,Eddie,Johnson
monicarobinson349@example.org,JNQW0cLvi@,type,James,Brandt
jennifer70528@example.net,M1ZIpjiH#F,everybody,James,Chan
ofrey784@example.net,Jd_2Ed8xx#,teach,Tina,Davis
abigail77782@example.net,p#4XL%Ou3r,type,Erika,Hill
jhamilton913@example.com,5Xo^(Lq)_e,easy,Gregory,Yates
swyatt443@example.org,ba2$n4DcDV,help,Lisa,Hunt
francojennifer531@example.net,T!N0jJgtu5,camera,Jack,Miller
rhondafuller187@example.com,_4N75B0h%7,fly,Keith,Myers
kimberlygreen353@example.net,fs9K9lLmD),rather,Natasha,Melendez
christopher00807@example.com,+lwHP5UZ_8,opportunity,Aaron,Clark
stevenskyle124@example.com,+BcRJtCLH9,choose,Ashley,Parker
chaneystephanie665@example.net,L(#4EKj+nv,TV,Daniel,Garza
watkinsjames27@example.com,A#7HuuiMxT,budget,Scott,Williams
russopeter902@example.org,h&7N3bClWF,finish,Erin,Blackburn
msandoval81@example.net,ONi5HyobO&,administration,Yesenia,Manning
bsloan906@example.net,me(4PRalhL,available,Laura,Shields
dustinrodriguez392@example.com,&L!_VsgsY7,building,Joseph,Vega
alicia2914@example.org,28C&eBwZ(R,begin,Priscilla,Brewer
jennifermiller310@example.org,S1twNyzg+T,lead,Paul,Williams
jack726@example.com,oz6q7Lb7$&,light,Karen,Curtis
browndaniel951@example.net,OkIVekW&^0,court,Sydney,Moon
iochoa574@example.net,hS(3kKvs!Q,accept,David,Mendez
glopez959@example.org,xzmt7Boki_,unit,Nicholas,Williams
mary18418@example.net,+spxUXt2+5,future,Courtney,Watkins
daniel07597@example.org,_22SrVxgKk,speech,Nancy,Garcia
xmorales590@example.org,rH@U44Xic*,effort,Joel,Allen
vboyle612@example.com,BKE8UXrg*4,base,Jacob,Morrison
odavis207@example.net,__45CsKy1),page,Kerry,Jensen
johnsonrobert297@example.net,$aK6ImSwqf,traditional,Phillip,King
brian12275@example.org,)M2bQ6mY@h,save,Nicholas,Huerta
michaeldiaz334@example.com,^8(7OJ4vYh,growth,Shannon,Gross
schmittchristine342@example.com,(5Z6shPle+,measure,Christopher,Mullins
dustinellis979@example.org,iZvDOWOq&3,doctor,Charles,Mcgee
kingmichelle775@example.org,j#2QabnELs,cup,Vincent,Steele
davidsonlinda711@example.com,FI6AvNeHo*,ready,Nicholas,Taylor
tammychavez895@example.net,OSNu6+Av_5,consider,Brian,Martinez
bianca76294@example.net,I%_8ITe5_T,great,Joshua,Kim
tony25347@example.com,V_7G#(ova3,eat,Madeline,Trevino
parkerjustin224@example.org,p#2LJrqT2%,boy,Amanda,Fernandez
hudsonchristopher41@example.org,y)7PeVd%Ao,great,Mark,Jimenez
angela16855@example.org,58^Iq2jy_y,factor,Michael,Charles
michele37840@example.org,!wVGe)XEv1,ever,Christopher,King
gmclaughlin892@example.org,e%uN9PBy#Z,southern,Jessica,Davis
ljames850@example.com,!pDSfyUg0k,still,Yolanda,Moody
bharris619@example.org,8_6GqHtj_H,never,Teresa,Hartman
johnkrueger53@example.org,8$)4KEl8_S,message,Laura,Allen
cramirez304@example.com,$8ztH49$xs,stock,Tracy,Todd
mitchellkimberly176@example.net,k4aMTHxR@t,party,Keith,Maxwell
griffinpatrick96@example.com,I6AQtC6p_s,page,Matthew,Martinez
natalie78383@example.org,!gv5Pp^64d,professional,Melanie,Patel
george65787@example.org,2vQVBG$3$I,fly,Sandra,Sanders
edwincastillo797@example.net,iq_K4XerY+,process,Bobby,Payne
chenrachel606@example.com,S5Gj8Gnb!n,upon,Theresa,Dunn
xcontreras19@example.com,!5Go7GQaen,fill,Kenneth,Ortiz
humphreydonna450@example.net,4yxRTz89@I,deal,Lindsay,Romero
marquezleslie174@example.org,86+iGrVW(b,goal,Jonathan,West
hallsheila351@example.com,+Gs6Ejs)mY,shake,Kathy,Watson
daniel99145@example.org,)MzPV1bUD4,benefit,Dana,Sutton
mmeyers849@example.org,P&iCPAsa!7,ball,Joshua,Riley
jonesbrian53@example.net,5V(29QxeA0,two,Jessica,Hicks
michellebailey915@example.org,*1dKjlH#@d,every,Joshua,Moore
lewiscarly922@example.org,Q$n1oqUcE0,himself,Anthony,Hurst
ramosbrandon538@example.com,Or_4$gTd^+,score,Christopher,Scott
phillipduke96@example.net,@CMatcul2T,thought,Carrie,Vincent
sampsonandrew943@example.com,Qq*1LoaHu1,reality,Victor,Wiley
huynhcory438@example.org,tM4+wJJo$@,sing,Charles,Park
cobbjohn20@example.com,z6+Owgs5%2,it,Ashley,Cooper
jessica19918@example.net,Yi0hvH0w(&,million,Cheyenne,Patterson
jillcoleman786@example.com,8&s9%S$R8d,strong,Deborah,Kim
shannonmitchell451@example.net,+8+NGHzn(X,line,Joshua,Cabrera
taylorblake352@example.com,pdCdoN5d_1,modern,Patricia,Smith
michaelwilliams570@example.net,Kbw71UkS^N,soldier,Heather,Herman
michaelli345@example.net,A7_5hXpj*f,side,Joanna,Wright
blanchardstacey513@example.net,^4&iOXmh@B,nature,Chad,Haley
johnsonkathy931@example.org,_#cCcV&uU5,administration,Robert,Prince
jose16771@example.com,wrG21GQzr!,compare,Cynthia,Kim
jordanteresa693@example.org,z1IrqJjv+u,life,Robert,Avila
ryan81920@example.org,+N*5vjFaml,clear,William,Curry
kevinvega825@example.net,2)yR3W%v1l,man,Jamie,David
greenedavid153@example.net,pW6@Aksj$),night,Kimberly,Jones
tinarivera631@example.net,a$_3yFLVPy,yourself,Heather,Harris
sbonilla60@example.net,f&87RxETRi,between,Christine,Frank
robert68518@example.net,#3RrVi0!ZE,ready,Holly,Mcguire
petersensarah60@example.com,JV$w8Sd!Yv,see,James,Robinson
ujones67@example.org,2jOyvh+y$4,with,Brenda,Moss
jefferyford639@example.net,uy+36ZmMe3,six,John,Scott
david22688@example.net,%m%8WJRr6!,area,Dawn,Lamb
brianajohnson612@example.com,kQ8ICquJ$@,bill,Linda,Ross
michaelwillis453@example.org,&2SM%^I+aa,score,James,Wade
enicholson242@example.com,+fd1(&XcjF,realize,Joshua,Nielsen
moranjohn131@example.org,z(7MDbEv*3,think,Lisa,Williams
stephanie06969@example.net,Dn7+cMxvw*,option,Paul,Graves
walshbetty519@example.org,t8pQb+tG!f,anyone,Tiffany,Allen
pcantu743@example.org,)KST8wViy),science,Brittany,Potts
mcguirejohn959@example.com,ly9LFgs+n#,effect,Melissa,Terry
dawnmeyers31@example.net,^YX57GeDm0,pull,Matthew,Riley
nthomas802@example.com,y%5orzBqd9,wonder,Thomas,Murphy
kimberlyedwards291@example.org,*G42C7aa@(,idea,Elizabeth,Banks
breannamartin188@example.com,cu4B9b_y8!,positive,Jessica,Davis
xshaw605@example.net,vSLq$C1J+2,check,Jasmine,Bell
caleb79123@example.com,%NSN_qGjZ1,room,Bob,Holland
sean5267@example.org,+9C0UuRp9K,will,Eric,Flores
dbrock194@example.net,a3IaKVql)j,budget,Michelle,Crane
jacksonstephen462@example.net,#f&6Srka)^,rock,Daniel,Hernandez
amandadiaz724@example.net,@$8^B*x!*r,minute,Tyler,Henderson
onealmary269@example.net,d(^R9aPjWF,person,Dennis,Holt
daniel30493@example.com,@(ALK65s(F,like,Dwayne,Martin
anthony19430@example.net,&2r&rCX@&k,daughter,Scott,Ramirez
yjohns280@example.com,!M&%P3lt7H,few,Mark,Herrera
perryruth234@example.net,3ssZq6Lx$6,record,Diane,Perez
jake27493@example.com,9#6(LchV&^,that,Curtis,Brady
wilsonalan199@example.net,!cVv8Bjc35,follow,Crystal,Mills
samueljohnson689@example.net,+wk3zWlc@f,return,Vincent,Cooper
zsmith632@example.net,aW1sGZfjk#,difference,Eric,Adams
dawnsanders774@example.org,(kwT1ap&0l,history,Erica,Gonzales
lisa96826@example.net,Ocu4Gbnx@#,sing,Martin,Gutierrez
michaelcook641@example.org,&9R3#YK47u,other,Thomas,Powell
zfrench724@example.com,+ea%Dqika2,candidate,Vanessa,Parks
itanner951@example.com,)gS_3Wjifv,first,Sandra,Shaffer
leegerald779@example.com,X&2kBhVoqq,opportunity,Haley,Cuevas
johnweber228@example.com,!5Eo*fD5@2,pay,Ryan,Perez
cthompson481@example.org,Ar3O!qyAy&,little,Kelly,Velasquez
wrightdavid517@example.net,)T9Wrv91rD,maybe,Ryan,Aguirre
mhughes611@example.org,z2XXd3+j(B,agency,Tammy,Jones
shawcheryl130@example.org,Hu^7NayZ!R,our,Madison,Hernandez
qjackson367@example.com,b2v^Mq&@*q,interesting,Danny,Brown
arielrowe150@example.net,Aw1T%WGQx*,visit,Jonathan,Bailey
gonzalespreston117@example.org,p_N$4MuYYo,young,Brittany,Mueller
wwillis688@example.net,s5UfYNb!@D,child,Gregory,Hayes
benjaminnelson5@example.org,2*!33w$phD,although,Jeffrey,Taylor
teresarandall413@example.org,%yb%B!HmS6,doctor,Stephen,Lee
khess185@example.org,e%SG1i#g!3,specific,Meagan,Brown
jeffrey94490@example.org,$m%EgkyT7z,mouth,Kristin,Curtis
zbrown799@example.org,Q^*4Gz**W_,yet,Jason,Mitchell
flopez192@example.net,EAXXnk2A$9,the,Jason,Grant
saraellis915@example.net,YIO0nl9vj(,sense,Shannon,Floyd
brittanystuart769@example.org,Q^#9oCehU(,state,Stephanie,Thompson
brittanymartinez944@example.net,)w2SebPv!M,heart,Amy,Clark
melanievaughan313@example.com,z7OTj0_m#J,film,Francis,Woods
larryreyes398@example.org,P9(0#DNp$U,identify,Justin,Woods
lewiszachary470@example.org,f(8R0WrnRe,skin,Cynthia,Torres
woodbridget529@example.org,Dd0rTVMqs@,forget,Heather,Christian
hguerra437@example.com,mLKLW0Au&*,bed,Michele,Hill
darren98492@example.net,S)*7qNv6kp,eat,Lauren,Collins
robertsmith81@example.org,LHXJ4rYb%3,late,Mary,Dunn
dsanchez744@example.com,8X0ZXSWp&D,range,Jonathan,Guzman
jamestaylor973@example.com,^JLYHiBv#4,campaign,Glenda,Jackson
cristina19526@example.org,^F^vz!+u)7,bed,Steven,Hahn
weaverdavid825@example.com,VsjtWovN#8,campaign,Nathan,Rice
ghernandez289@example.org,_63XHXwGuu,investment,Sarah,Smith
asmith370@example.com,MYVEHjPb+0,case,Nathan,Brown
russell52881@example.net,w1T2rP8kZ^,grow,Cassandra,Parks
harrygarcia884@example.com,@4*RFlluQ8,simply,Derrick,Nelson
hesterrandy647@example.org,^99QYu%504,make,Cheryl,Jensen
lucassandoval986@example.org,Kuw9ZKnAZ+,matter,Mary,Roberts
williamsjill532@example.org,$7Tdu#gV$A,character,Bryan,Hendrix
ashleyrojas482@example.net,%2o^xYmh*w,weight,Deborah,Fernandez
williamschaefer13@example.com,$4Te0DOqlP,condition,Julie,Rodriguez
monica12759@example.com,*p8uQ(B#90,check,Ann,Weaver
grantzachary783@example.com,@*H4S$kjws,challenge,Michael,Cole
mistyhartman269@example.net,7*2Mgno_Nz,mission,Jason,Nolan
walterskimberly510@example.com,&02p0DkrrG,meet,Haley,Weber
leonalyssa49@example.com,*J)xb4Vx%m,fund,Mary,Holland
hrodriguez963@example.org,3!2Z+cyc*h,change,Brittany,Brewer
thompsonkelly308@example.net,_H65BllQc#,green,Nathan,Cook
rowlandderek968@example.net,&5tJIs%m06,director,Carolyn,Gray
tmorrison539@example.org,Z^J4bwNkT&,mention,Daniel,Boyle
ronnie89445@example.net,!fqTjmHtb7,there,Elizabeth,Watson
martinezrandy879@example.org,#V82UUUyf0,when,Amber,Jacobs
bellcaitlin744@example.net,tN3NegHa$m,oil,Jennifer,Hood
iwilkinson764@example.org,&^5H@X2bFN,run,Kayla,Davis
umerritt775@example.org,b)jB0h+U)6,summer,Brady,Mcneil
rasmussenleonard179@example.com,)rUsAxI5X0,everything,Tracy,Howard
destinyhernandez667@example.com,3pf5PL_y*Y,standard,Jon,Robinson
moorejohn93@example.net,+b2hC(Rt40,happen,Ronald,Smith
ericwilliams74@example.org,*b0HIknlst,decade,Danielle,Williams
stephaniegoodwin877@example.org,ljtKj#in+7,heavy,Shannon,Mercado
marcsmith332@example.net,j^z4M3AQ_0,skin,Kimberly,Clark
joshuajimenez943@example.net,!4tWbhZfaa,red,Ryan,Walker
yburnett388@example.org,8*_(4RXvO_,country,Alyssa,Price
lisa23487@example.org,*n50QBl&N^,discover,Dustin,Owens
johnbrown628@example.com,(2qHA^mce7,everybody,Diana,Miller
courtney07639@example.com,t&$0My6Tii,artist,Ashley,Meadows
jonathan7181@example.org,7r@&1KkiEb,side,David,Sanchez
bethany61514@example.net,#4K)6G5Y!n,necessary,Regina,Lane
meganjohnson111@example.org,3e^SXzuA!*,actually,Anna,Knox
diazjoshua170@example.net,#$!0yFqv3O,hour,Tracy,Jones
larry0734@example.org,$FJRvJ__&2,strategy,Kathleen,Kidd
rasmussencarolyn348@example.com,(AW+2zPK4v,country,Nicholas,Contreras
tuckermichael388@example.net,^IPOQ&o41D,imagine,Jade,Johnston
mschmidt729@example.net,ImMpaBsS)6,speak,Samuel,Waller
gabrielhunt554@example.com,w*qx0yAnyI,resource,Gina,Mcguire
alison14860@example.com,P&g3&Yy$vJ,tax,Deborah,Clark
warren61859@example.com,(L#0^FpC)Q,people,Jacqueline,Morgan
tammy64549@example.com,a5dbZu@t_c,individual,Beth,Garcia
orose608@example.org,dK9NW3gw#_,whether,Emily,Moore
sparksnicholas160@example.org,_^qlv5Fu^v,trouble,Lisa,Murray
gomezshelby110@example.org,M+o^4HFm5+,fund,Benjamin,Garrison
gmckenzie799@example.org,7(8@shMArh,role,Darren,Stephens
mayslaura137@example.org,hEC(1IOo(Y,including,Heather,Rodriguez
sharonsmith59@example.org,lg3PXhkck+,at,Gregory,House
brandon21261@example.net,p+6yXcc0x@,admit,Tamara,Ortega
knightlori657@example.org,A44K2May@1,skin,Erik,Griffin
colemankimberly392@example.org,5O+JW71i!%,century,Christopher,Harris
kgill886@example.net,%7(PYutbG9,thing,Hunter,Lewis
lisa98253@example.net,72C5VARl$t,push,Brent,Jensen
kristendean380@example.org,%kVOldlff1,need,Kyle,Jones
jennywest612@example.org,X2N^Gdva(x,wind,David,Diaz
ronaldfoley702@example.com,%jF2iD_dX7,TV,Julia,Vazquez
smithkevin132@example.com,6kpWJxHw_Y,wide,Lisa,Whitehead
angelica84847@example.com,^9m^geWau6,notice,Scott,Jackson
seannelson701@example.net,#9AS&@u(Rc,ability,Brian,Adams
ppaul416@example.net,rKPf9OPe+v,radio,Sherry,Brooks
buckruben395@example.com,_1&jN(rl)),argue,Chelsea,Gaines
deborahpatrick812@example.org,ZYI8Nh^h^*,reduce,Karen,Mccall
parktyler273@example.com,&xDpSXbUF5,grow,Teresa,Wilson
steven16555@example.net,t2Kt!Xxf(!,hard,Cindy,Peterson
william83588@example.com,xBEXamgI%8,time,Lawrence,Morse
david64343@example.org,qjLJjJTz&9,stuff,Zachary,Edwards
thomashodge430@example.org,klG!0sIii_,whole,Russell,Smith
fmccarty555@example.com,!2Q4Yfv%Tm,career,Scott,Pierce
kaiserjessica412@example.com,^i1Lxp*Ag&,recent,Edward,Brooks
vescobar15@example.net,ol1ZoRTg&O,always,Tracy,Fleming
james05697@example.org,C+NLO#4v&1,price,Brian,Ward
wilsonamber832@example.net,$6O(Jw94SC,detail,Doris,Alvarez
aalvarado154@example.com,^e@FrS(tl9,talk,Patricia,Roman
christopher24573@example.org,9ydR9#Msd^,cell,Haley,Miller
wendyhartman723@example.net,d)a1tfWXIk,reason,Alan,Mccall
anthony15959@example.net,%^+Euumlp9,break,Benjamin,Rodriguez
nathan1186@example.net,^HK0iUgi6k,action,Lori,Jimenez
michaelbutler461@example.com,2GFkDd9a&0,indeed,Kayla,Lee
dustin32714@example.net,@Z8BQbemMN,center,Dean,Paul
qmitchell576@example.com,#vPBvz1+$0,cell,Bonnie,Lewis
crobbins741@example.net,C5NRV$fE+q,special,Adam,Martinez
scottsullivan989@example.com,r)Ss6CGol+,anything,Michael,Zimmerman
gjacobs960@example.net,&(T9RRrk8S,beyond,Rachael,Jacobs
sarabaker940@example.com,(WY2Kr8wnx,fish,Heather,Cooper
cwise834@example.net,73bOq)h4(O,boy,Jay,Scott
tracyreilly89@example.org,@6u1VyAb$D,treatment,Joyce,Chapman
michaelboyd896@example.com,y+i_cRAt^6,suffer,Chad,Strong
agibson970@example.org,!9Dg#hxgc3,without,Jodi,Brown
jstafford623@example.net,&qSO(ofk!3,area,Scott,Thompson
jcooper453@example.org,$P1ZMJii1r,provide,Megan,Warren
wongadam789@example.com,sl96DNuA+&,write,Jermaine,Brown
kathleenhansen997@example.org,TiE(83ICS+,officer,George,Randolph
rachelmendoza938@example.net,PL5GFCi$!6,raise,Lisa,Thompson
robert64310@example.org,sw9PioQ(+J,my,William,Dawson
randyduffy275@example.org,k9BXWpfp%x,body,Donald,Melendez
shawn94271@example.org,oHqFfsVr!7,research,Bryan,Hines
jasonfleming183@example.org,%QX$3Btym4,kid,Philip,Wright
cardenasseth374@example.com,*f5n7A1wQ^,buy,Sandra,Walker
bbass141@example.org,C0AZG(p^#3,coach,Barbara,Yoder
csmith280@example.org,&@2!wdIjZF,town,James,Guerra
cjohnson925@example.org,YR3Tkj!WJ#,young,William,Gibson
grimesedward319@example.org,u!atg6z)0K,rate,Elizabeth,Bowers
youngstephen304@example.org,^t4&Ti8Lv(,skill,Jeffrey,Petersen
colemanmarcus504@example.net,8615NdHu_w,feel,Justin,Ball
rskinner463@example.org,#a24)Rc1j@,very,Erica,White
wfarrell30@example.org,+8xMIR%z0(,size,Suzanne,Fisher
dmiller235@example.net,$)a+2Mzf0T,kid,Meghan,Mcdaniel
tony58407@example.net,e1*54PrBBP,career,Keith,Ryan
gabrielacontreras498@example.net,M0gQ9*nr_h,campaign,Michael,Morris
victoria34740@example.org,*pU2dk%9x0,pattern,Derek,Ware
rachel02637@example.org,!8QweYGqE6,mouth,Ronnie,Kelly
davisjames367@example.org,@DNc+P7h#2,there,Sheila,Conner
richardtaylor678@example.org,9%1Am(GjCr,southern,Charles,Fuller
oconnellkenneth64@example.net,#*8H6y3Jwx,hotel,Sandra,Allen
clarkapril150@example.com,e@2_)P8jbC,tend,Katherine,Kelly
sharon17481@example.net,+A_j2CeoJ!,he,Courtney,Trevino
brittany61538@example.com,(oLZqlZ(!7,direction,Jessica,Ward
whanson946@example.com,@P8ovJrsw4,go,John,Ellis
banderson793@example.com,!n8ZYrSWm@,thus,Stephen,Craig
martinchristine797@example.net,R+WIp5Mf$%,detail,Jacob,West
randyalvarez79@example.net,$@h3Y4jgFF,each,Fernando,Benson
marygutierrez501@example.org,aUhU2d!hO_,watch,Crystal,Hoffman
rossterry989@example.org,1BYJNklK)m,produce,Andrew,Walker
jonathan41933@example.org,%e71qU0bJD,half,Adam,Andrews
brownkyle240@example.org,RK0UObbp+2,popular,Joshua,Rojas
pmcdaniel330@example.net,)w0lWSldg9,doctor,Krystal,White
lindsaycooper508@example.net,U9D3g6jq$u,several,Michaela,Tran
yorkbrandon235@example.org,YT*m3EgEM_,capital,Penny,Walker
stephenmartin275@example.com,^CC4V5Yt($,for,James,Hernandez
garciacatherine5@example.org,_#49^ZrVbJ,bar,Curtis,Stone
zoegreen965@example.net,Ca8)#Qku^6,weight,Joseph,Palmer
andres27933@example.net,%&P@4i^ul6,note,Sherry,Greer
lutzjeffrey172@example.com,)W6H73zj_0,against,Joshua,Myers
bjackson854@example.com,*%9MJIzdoH,may,John,Gregory
lmeza950@example.com,Di@$88YqVd,light,Carol,Roth
ioconnor507@example.net,_*N9n^Fxj(,since,Cassandra,Green
lhenson15@example.com,Mb&BUEjs*6,particular,Jeffrey,Crawford
xguerrero622@example.org,&CTKG07vo4,knowledge,George,Avila
ramirezheather806@example.net,$LkLxc8iZ2,skin,Robert,Warner
lynchbrittany467@example.org,6#SF1kij*@,democratic,Nicholas,Mitchell
sarah74109@example.net,#5DP6t#vtG,animal,Brenda,Lewis
wjohnson948@example.net,8oQc93Hsu$,bag,Gregory,Smith
zbaker686@example.org,FkCscYt_*3,above,Sheena,Walton
usalas547@example.org,cXjakHJp^7,defense,Mary,Payne
schwartzdaniel694@example.net,6@5XX@ie+b,newspaper,Alex,Hughes
robin16434@example.org,*rJ+Wg!i1U,special,Brenda,Smith
patrickhall833@example.net,&BCIRKg8p1,crime,Nicholas,Anderson
dorothymeadows774@example.com,x*iz2Qn()%,win,Ronald,Wilson
xwolf745@example.com,Idy8W0qwI*,machine,Daniel,Shaffer
vryan937@example.org,SW*7BYzlru,story,Brandon,Mitchell
georgewong144@example.net,%@6yGNnpbK,authority,Michael,Rivera
pperkins542@example.org,HN8VyhgxA&,pull,Jessica,Sanchez
kperez761@example.net,+5aRT3Qc3l,deal,Michelle,Anderson
andrewdavis311@example.net,r4kTOkYH^f,enter,Jose,Callahan
daniel70947@example.org,x(l5YU+tC(,rock,Kimberly,Johnson
julie42412@example.com,lcrLOqhy)8,number,Phillip,Hoffman
carlamay687@example.org,_tBmRqm4W8,their,Tracy,Allen
ortiztimothy575@example.net,3w@6vCyX^U,girl,Teresa,Clark
nallen113@example.net,!7rk&MgQVE,quality,Jerome,Lane
david69860@example.com,MeOu%6HvIr,anything,Erin,Hodge
xhull613@example.net,IH96JVv4@!,address,Chris,Kent
yrandall271@example.com,$1@0uB)a3g,course,Zachary,Shaw
mcguirebrittany894@example.org,UBp@1mDu*o,customer,Mark,Jones
michelleburton881@example.net,a*ts!VOl*6,public,Brian,Butler
xscott45@example.org,l1r_4Mls(^,economy,Mallory,Burns
floydcindy37@example.org,A+P79VKxfi,one,Mark,Davis
velazquezsharon182@example.org,4z1NwxN0l^,opportunity,Emma,Miller
william38568@example.org,%3mkJ8GiCK,arrive,Jeremy,Mora
janicehaney796@example.net,#sNCgLEGW1,your,Darren,Brown
jonesamber365@example.org,%eR1KW8v4&,father,Katie,Espinoza
zknight575@example.net,!U44AGlh%e,meeting,Jessica,Woodward
walkernicole798@example.org,N#!Nv+g$_6,herself,Laura,Hughes
mauricebailey848@example.net,l4!mfoIm(Q,clearly,Corey,Watson
pwilliams107@example.net,#!$!s2fmdA,style,Jasmine,Warner
curtis17624@example.net,(8kUF*DhtA,security,Rebecca,Cox
cbaird764@example.org,Z&Y6&G9mek,million,Charles,Morales
vargasrichard308@example.org,+S2ASI&k_^,life,Robin,Richardson
richardsthomas410@example.com,FgBz(hjY@4,citizen,Raymond,Short
douglasthompson234@example.org,CKLFi3Aw&6,citizen,David,Robinson
karendillon724@example.net,J6%Zq!x_$!,no,Brian,Henry
cummingscharles35@example.com,29ZaOmSo*7,knowledge,Karen,Walker
barbararojas504@example.org,(5@6T$sG8Z,capital,William,Manning
patriciacraig867@example.com,38B*QXHv&O,assume,Alison,Johnson
hicksshannon319@example.org,L9QdgRc1$X,great,Lori,Gardner
karenbrown283@example.net,kD#F7H4e#l,section,Jack,Avila
danielleli939@example.com,(3cZ%kD*4^,company,Jeremy,Cunningham
rachel07331@example.org,gl4B5FnH%b,different,Kelly,Williams
huberlaura61@example.org,v60Ny28GX*,here,David,Quinn
stephen03534@example.com,3$E3Crm1wu,reality,Becky,Miller
llogan481@example.com,$*1DdwoX^*,wait,Ronald,Taylor
katherine65333@example.net,+wAnz)*x^2,experience,Barbara,Ford
curtisbarrera148@example.org,#%UH2RJrT%,relate,Christopher,Walker
mlopez486@example.org,%7jwJExAFO,oil,Heidi,Salinas
eric12702@example.org,^rSordSy0W,official,Matthew,Knight
michael05222@example.org,UlJ2QS(j^J,beat,Andrea,White
samanthachavez635@example.org,%R1Z5I+x%M,human,Timothy,Curry
edward59681@example.com,(Cy4Td7+m+,interesting,Melissa,Jones
youngrachel446@example.net,rtpx9!GrK^,fish,James,Davidson
edwardobrien420@example.org,m3YJIEyd^1,work,Lisa,Herrera
francisco00575@example.net,+M*DZsVLw8,people,William,Daniels
ryan14719@example.org,RjBFdVAK_8,baby,Crystal,Sandoval
adavis319@example.org,_M6AxUr_b7,assume,Chris,Wiggins
jacquelinedouglas387@example.com,N39VK(fF$K,author,Sylvia,Barker
ashley43448@example.net,*19BfqfKwm,store,Mariah,Gillespie
tracyperry268@example.org,S2GZjslI+Y,think,Charles,Franklin
murphywayne655@example.net,@V0!C@tXL6,during,Amanda,Lane
josephcooper305@example.net,!5NFKqKprz,there,Michael,Nichols
kathleen57220@example.com,yoC4y3Kg@9,executive,Rachel,Dunlap
elizabethbailey544@example.org,Lq&4$KZL)2,cut,Lonnie,Matthews
williamstimothy614@example.com,TPI*4Ec1F_,treatment,Cody,Smith
williamsdeborah675@example.com,#2G&$SjN7W,chair,Joshua,Kim
brettrobinson946@example.com,q&!2Ltp33T,agreement,Karina,Smith
jonathanvasquez32@example.org,^u7_VQmz^$,black,Alexandra,Lynn
colonjoshua304@example.org,a!d72mvytR,born,Kathleen,Anderson
lopeznatalie103@example.com,*2OEc6dL!o,nice,Richard,Bell
daniel65626@example.com,A^L8RJhz@$,miss,Anna,Heath
john41108@example.com,)A4qUMle6@,point,Alyssa,Medina
samantha77670@example.org,Y7_MxNfO#w,really,William,Alvarado
denisebryant442@example.com,5keQDViQ#h,contain,Angelica,Morgan
tammy2921@example.org,*DK6D_^w8c,resource,Michelle,Woods
sarahdalton881@example.org,!H3TTF2h%!,age,Paul,Dunn
robertsregina594@example.com,wgFS3Zfx@x,long,Rebecca,Cunningham
cjackson768@example.net,)SY8FCbpbx,simple,Isabella,Hernandez
steven77573@example.net,f&pK0MHf(Y,plan,Richard,Francis
qrobinson94@example.org,95(PbYxw#6,industry,Sabrina,Bailey
ereeves545@example.org,)yo%^3KwK+,training,Nicole,Kirk
gordonjessica427@example.net,!Q69pNAfJ+,bag,Megan,Sanders
gregory57889@example.com,lz3RnKDs*#,require,Ethan,Hernandez
kathleen08577@example.com,GR_4Gqnwd@,parent,Joy,Grant
ashley51539@example.net,0IP)8IiI#o,join,Derek,Wilson
oknox210@example.net,_6RkqtrA!m,executive,Bonnie,Shaw
colonchristopher493@example.org,*!UTS2v!6W,piece,Jonathan,Butler
michelle4139@example.com,+aA(3Vka6(,forget,Jennifer,Ramsey
anne08706@example.org,G&9q^7jg#Z,product,Katherine,Jefferson
breanna74387@example.net,uj3dHs6vT$,word,Troy,Moore
erubio978@example.org,))0oTDn7cS,team,Tara,Alvarez
krystal80731@example.org,R8tJL2Ho!G,state,Charles,Murray
gutierrezjoshua886@example.net,)Gd$0IZd7+,effort,Desiree,Collins
gonzalezdana628@example.org,%^F2Xs%B%u,energy,Michelle,Smith
sarahwilson116@example.net,Sy6FOAbvb(,become,Sarah,Morales
debrawilliams830@example.org,60!CN$Dk+o,detail,Mark,Norris
stephaniehubbard317@example.net,N*4uZ&DzF+,game,Nathaniel,Jensen
brandon2047@example.net,9UHCn5uK@E,teacher,Jamie,Griffith
munoztimothy654@example.org,cVu9Fj6Z__,paper,Christopher,Young
davidreyes750@example.org,7_X7MNqd^f,present,Jennifer,Hughes
tara7767@example.org,t%4^HZg+^S,cup,Anna,Johnson
lynnlarson528@example.net,G@h4Y&Qyp1,throw,Michelle,Harris
marcohernandez425@example.org,7FL#yY0j_s,public,Michael,Cooper
taylorlaurie955@example.net,VI99B8gfZ&,article,Justin,Fowler
uhale999@example.org,Qo4b+Znf^5,reveal,Nicholas,Coleman
hdaniels857@example.com,1TVqtyUZ(F,whole,Stephanie,Watson
scampbell30@example.com,Kr%2SyV2Z&,policy,Dawn,James
deborah88189@example.com,#LB@XlmV2M,customer,Ricky,Lindsey
sheltonjoel626@example.com,tM6(0WOdpT,back,Craig,Alvarez
djones433@example.com,mvBXs+nz)1,discover,Latoya,Webb
bradysteven719@example.org,Ft9Rryu2!E,character,Frederick,Anderson
kelly40929@example.net,)&#8Wnq4u2,long,Kristi,King
williamsmelanie193@example.org,@g*bFgcj$2,risk,Kaitlin,Reynolds
carpenterjohn566@example.net,eZ7QZxBH@y,goal,Latasha,Scott
robert36973@example.org,@8EB9w4mwl,often,Scott,Baker
brianwilson965@example.org,FiWQ5dFm__,three,Rachel,Lopez
qruiz204@example.net,ju(0FwwtaA,evidence,Alicia,Bell
zhudson528@example.net,B7ukWUai^L,himself,Timothy,Cox
bryan4784@example.net,#sW0GcAK42,pay,Mario,Fry
tommywilson734@example.org,f6OJcQbL)q,maybe,Chelsea,Sharp
nicole94686@example.net,uLdG0Yw)j(,actually,Michael,Gomez
aroy223@example.org,Df8wLW@k$D,budget,Helen,Harper
